,Ze_tmm,Ze_ray,A,Ze_inst,rr
2025-06-05 23:59:58+00:00,,,0.0,,
2025-06-06 00:00:58+00:00,,,0.0,,0.0
2025-06-06 00:01:58+00:00,,,0.0,,0.0
2025-06-06 00:02:58+00:00,,,0.0,,0.0
2025-06-06 00:03:58+00:00,,,0.0,,0.0
2025-06-06 00:04:58+00:00,,,0.0,,0.0
2025-06-06 00:05:58+00:00,,,0.0,,0.0
2025-06-06 00:06:58+00:00,,,0.0,,0.0
2025-06-06 00:07:58+00:00,5.268585257651271,4.358102459880718,0.011465794174587466,4.153,0.027
2025-06-06 00:08:58+00:00,4.0834350076508,3.2390723986107384,0.009728883646262712,3.114,0.022
2025-06-06 00:09:58+00:00,10.181982603746745,9.208331559413203,0.0336549549541459,9.161,0.081
2025-06-06 00:10:58+00:00,11.778394421860677,10.885230982655688,0.05954812227307704,10.549,0.143
2025-06-06 00:11:58+00:00,2.4658317359609874,1.7946407273231926,0.009590562944674745,0.325,0.02
2025-06-06 00:12:58+00:00,-0.8626422526001015,-1.4580807928019563,0.004862346664059314,-1.863,0.012
2025-06-06 00:13:58+00:00,2.6711147257713934,1.8737559896962328,0.007696679776412196,1.759,0.022
2025-06-06 00:14:58+00:00,-0.6830953461705964,-1.2248966919123163,0.005381267905337664,-2.761,0.008
2025-06-06 00:15:58+00:00,-1.543607334418253,-2.11048487213839,0.004395231499366459,-2.505,0.008
2025-06-06 00:16:58+00:00,,,0.0,,0.0
2025-06-06 00:17:58+00:00,,,0.0,,0.0
2025-06-06 00:18:58+00:00,,,0.0,,0.0
2025-06-06 00:19:58+00:00,,,0.0,,0.0
2025-06-06 00:20:58+00:00,,,0.0,,0.0
2025-06-06 00:21:58+00:00,,,0.0,,0.0
2025-06-06 00:22:58+00:00,,,0.0,,0.0
2025-06-06 00:23:58+00:00,,,0.0,,0.0
2025-06-06 00:24:58+00:00,,,0.0,,0.0
2025-06-06 00:25:58+00:00,,,0.0,,0.0
2025-06-06 00:26:58+00:00,,,0.0,,0.0
2025-06-06 00:27:58+00:00,,,0.0,,0.0
2025-06-06 00:28:58+00:00,,,0.0,,0.0
2025-06-06 00:29:58+00:00,-0.6280220737010701,-1.2778541091802866,0.004318485541532784,-1.613,0.011
2025-06-06 00:30:58+00:00,1.2259047314793174,0.656468055057964,0.008538280015168228,0.204,0.021
2025-06-06 00:31:58+00:00,4.439361152685596,3.7829323663247383,0.014343621963826034,3.482,0.04
2025-06-06 00:32:58+00:00,5.361228664910122,4.729967088212551,0.01885524008987226,4.458,0.042
2025-06-06 00:33:58+00:00,-2.247410572322373,-2.6928058178904424,0.004580969594138043,-3.032,0.011
2025-06-06 00:34:58+00:00,,,0.0,,0.0
2025-06-06 00:35:58+00:00,,,0.0,,0.0
2025-06-06 00:36:58+00:00,,,0.0,,0.0
2025-06-06 00:37:58+00:00,4.288698028009331,3.6655653681323317,0.014872395817247253,3.389,0.038
2025-06-06 00:38:58+00:00,7.086763044970075,6.434773409349531,0.026199709245556996,5.752,0.047
2025-06-06 00:39:58+00:00,12.760131234013297,12.09206780779036,0.09249546461033187,11.118,0.184
2025-06-06 00:40:58+00:00,14.181726676608221,13.562484631952085,0.13894887428154856,13.199,0.374
2025-06-06 00:41:58+00:00,10.577559346768963,9.935968369106554,0.05913432262040924,8.636,0.098
2025-06-06 00:42:58+00:00,0.09023277708168861,-0.4567226531744063,0.00616620908945216,-2.442,0.011
2025-06-06 00:43:58+00:00,,,0.0,,0.0
2025-06-06 00:44:58+00:00,,,0.0,,0.0
2025-06-06 00:45:58+00:00,,,0.0,,0.0
2025-06-06 00:46:58+00:00,,,0.0,,0.0
2025-06-06 00:47:58+00:00,,,0.0,,0.0
2025-06-06 00:48:58+00:00,,,0.0,,0.0
2025-06-06 00:49:58+00:00,,,0.0,,0.0
2025-06-06 00:50:58+00:00,,,0.0,,0.0
2025-06-06 00:51:58+00:00,,,0.0,,0.0
2025-06-06 00:52:58+00:00,-4.9641830726371445,-5.356103530139167,0.003061056380662174,-5.842,0.008
2025-06-06 00:53:58+00:00,,,0.0,,0.0
2025-06-06 00:54:58+00:00,,,0.0,,0.0
2025-06-06 00:55:58+00:00,,,0.0,,0.0
2025-06-06 00:56:58+00:00,,,0.0,,0.0
2025-06-06 00:57:58+00:00,,,0.0,,0.0
2025-06-06 00:58:58+00:00,,,0.0,,0.0
2025-06-06 00:59:58+00:00,,,0.0,,0.0
2025-06-06 01:00:58+00:00,,,0.0,,0.0
2025-06-06 01:01:58+00:00,3.9925672702148036,3.3144336671174353,0.012071113077409951,2.787,0.027
2025-06-06 01:02:58+00:00,,,0.0,,0.0
2025-06-06 01:03:58+00:00,,,0.0,,0.0
2025-06-06 01:04:58+00:00,,,0.0,,0.0
2025-06-06 01:05:58+00:00,6.0414146381120934,5.581042930521662,0.030433236313074763,5.077,0.082
2025-06-06 01:06:58+00:00,3.6503183174754277,3.207600644290774,0.0181490693754792,2.863,0.044
2025-06-06 01:07:58+00:00,3.072467553320639,2.693313028126541,0.018912236605791066,1.998,0.046
2025-06-06 01:08:58+00:00,5.950200743602716,5.534115022245327,0.03343730427620518,5.101,0.095
2025-06-06 01:09:58+00:00,14.666129310230989,14.03466861219049,0.1566454283369513,13.046,0.315
2025-06-06 01:10:58+00:00,1.545618303887564,1.0842456997957313,0.010989426941128633,0.705,0.023
2025-06-06 01:11:58+00:00,,,0.0,,0.0
2025-06-06 01:12:58+00:00,,,0.0,,0.0
2025-06-06 01:13:58+00:00,,,0.0,,0.0
2025-06-06 01:14:58+00:00,,,0.0,,0.0
2025-06-06 01:15:58+00:00,,,0.0,,0.0
2025-06-06 01:16:58+00:00,,,0.0,,0.0
2025-06-06 01:17:58+00:00,,,0.0,,0.0
2025-06-06 01:18:58+00:00,,,0.0,,0.0
2025-06-06 01:19:58+00:00,,,0.0,,0.0
2025-06-06 01:20:58+00:00,,,0.0,,0.0
2025-06-06 01:21:58+00:00,,,0.0,,0.0
2025-06-06 01:22:58+00:00,,,0.0,,0.0
2025-06-06 01:23:58+00:00,,,0.0,,0.0
2025-06-06 01:24:58+00:00,19.48977854003317,18.28179104878759,0.1164476463859356,18.18,0.194
2025-06-06 01:25:58+00:00,20.83041196571139,19.593663019246637,0.21958667952871036,19.483,0.405
2025-06-06 01:26:58+00:00,17.799152056402196,16.647445665477143,0.14810824863102873,16.449,0.278
2025-06-06 01:27:58+00:00,13.48050321058506,12.519422179150252,0.07145855699241783,12.406,0.172
2025-06-06 01:28:58+00:00,12.376230122105461,11.453312107327276,0.0591287724459767,10.499,0.126
2025-06-06 01:29:58+00:00,9.031231346666482,8.356053257559049,0.0384919366916043,7.722,0.095
2025-06-06 01:30:58+00:00,5.480635480656143,4.8160566487320855,0.017939343095766593,4.477,0.049
2025-06-06 01:31:58+00:00,5.852580894486968,5.02676811405406,0.015622420477204366,4.768,0.039
2025-06-06 01:32:58+00:00,2.8801917310395413,2.17112401926616,0.009248861481476219,1.88,0.027
2025-06-06 01:33:58+00:00,0.31016934054233897,-0.17970965520597526,0.007107690530143348,-1.964,0.014
2025-06-06 01:34:58+00:00,,,0.0,,0.0
2025-06-06 01:35:58+00:00,,,0.0,,0.0
2025-06-06 01:36:58+00:00,,,0.0,,0.0
2025-06-06 01:37:58+00:00,,,0.0,,0.0
2025-06-06 01:38:58+00:00,5.08457247555549,4.081377979866175,0.01007158423537299,3.902,0.026
2025-06-06 01:39:58+00:00,3.156664580884953,2.5068468375038604,0.010381879812866543,2.162,0.029
2025-06-06 01:40:58+00:00,,,0.0,,0.0
2025-06-06 01:41:58+00:00,,,0.0,,0.0
2025-06-06 01:42:58+00:00,,,0.0,,0.0
2025-06-06 01:43:58+00:00,,,0.0,,0.0
2025-06-06 01:44:58+00:00,,,0.0,,0.0
2025-06-06 01:45:58+00:00,,,0.0,,0.0
2025-06-06 01:46:58+00:00,,,0.0,,0.0
2025-06-06 01:47:58+00:00,,,0.0,,0.0
2025-06-06 01:48:58+00:00,,,0.0,,0.0
2025-06-06 01:49:58+00:00,,,0.0,,0.0
2025-06-06 01:50:58+00:00,,,0.0,,0.0
2025-06-06 01:51:58+00:00,,,0.0,,0.0
2025-06-06 01:52:58+00:00,,,0.0,,0.0
2025-06-06 01:53:58+00:00,,,0.0,,0.0
2025-06-06 01:54:58+00:00,,,0.0,,0.0
2025-06-06 01:55:58+00:00,,,0.0,,0.0
2025-06-06 01:56:58+00:00,,,0.0,,0.0
2025-06-06 01:57:58+00:00,,,0.0,,0.0
2025-06-06 01:58:58+00:00,,,0.0,,0.0
2025-06-06 01:59:58+00:00,,,0.0,,0.0
2025-06-06 02:00:58+00:00,,,0.0,,0.0
2025-06-06 02:01:58+00:00,,,0.0,,0.0
2025-06-06 02:02:58+00:00,,,0.0,,0.0
2025-06-06 02:03:58+00:00,,,0.0,,0.0
2025-06-06 02:04:58+00:00,,,0.0,,0.0
2025-06-06 02:05:58+00:00,,,0.0,,0.0
2025-06-06 02:06:58+00:00,,,0.0,,0.0
2025-06-06 02:07:58+00:00,,,0.0,,0.0
2025-06-06 02:08:58+00:00,,,0.0,,0.0
2025-06-06 02:09:58+00:00,,,0.0,,0.0
2025-06-06 02:10:58+00:00,,,0.0,,0.0
2025-06-06 02:11:58+00:00,14.3344883331239,13.16506032316571,0.05423754456992045,12.877,0.095
2025-06-06 02:12:58+00:00,9.133841377408322,8.168355316354209,0.026098860026399037,8.054,0.067
2025-06-06 02:13:58+00:00,6.625232652606413,5.805850789300253,0.017830785359192743,5.634,0.046
2025-06-06 02:14:58+00:00,2.5416232160271663,1.9096218997935475,0.0090892462309879,1.625,0.021
2025-06-06 02:15:58+00:00,,,0.0,,0.0
2025-06-06 02:16:58+00:00,,,0.0,,0.0
2025-06-06 02:17:58+00:00,,,0.0,,0.0
2025-06-06 02:18:58+00:00,,,0.0,,0.0
2025-06-06 02:19:58+00:00,,,0.0,,0.0
2025-06-06 02:20:58+00:00,,,0.0,,0.0
2025-06-06 02:21:58+00:00,,,0.0,,0.0
2025-06-06 02:22:58+00:00,,,0.0,,0.0
2025-06-06 02:23:58+00:00,,,0.0,,0.0
2025-06-06 02:24:58+00:00,,,0.0,,0.0
2025-06-06 02:25:58+00:00,,,0.0,,0.0
2025-06-06 02:26:58+00:00,,,0.0,,0.0
2025-06-06 02:27:58+00:00,5.139198607129592,4.376490754300773,0.013573736896386364,4.136,0.032
2025-06-06 02:28:58+00:00,6.186009860205526,5.446826331996075,0.01801438983187864,5.212,0.05
2025-06-06 02:29:58+00:00,9.044546395953471,8.373503003146519,0.03989322580912195,8.066,0.108
2025-06-06 02:30:58+00:00,7.64641484618244,7.042626052180343,0.03342325395719352,6.244,0.086
2025-06-06 02:31:58+00:00,13.279191270808724,12.222579269615036,0.04934460251060959,11.866,0.097
2025-06-06 02:32:58+00:00,23.709984880100503,22.511160856412083,0.3384054588570628,22.405,0.601
2025-06-06 02:33:58+00:00,25.239689599932206,24.067844853071033,0.49584673140894064,23.983,0.914
2025-06-06 02:34:58+00:00,27.751997925291633,26.582989872222548,0.859912738432968,26.478,1.501
2025-06-06 02:35:58+00:00,20.76448229060016,19.64654980933719,0.2765795226781381,19.544,0.578
2025-06-06 02:36:58+00:00,19.448984561898587,18.330794136551788,0.18656380312546791,18.151,0.4
2025-06-06 02:37:58+00:00,25.359131030638956,24.17401195789361,0.6164645487277212,24.072,1.243
2025-06-06 02:38:58+00:00,19.29861234040758,18.24078329623931,0.20920021496808372,18.151,0.467
2025-06-06 02:39:58+00:00,15.563296681522328,14.529543482406329,0.10177398490524228,13.644,0.205
2025-06-06 02:40:58+00:00,16.991738267087484,15.88547209772289,0.11805844933945389,15.686,0.252
2025-06-06 02:41:58+00:00,11.454003457880969,10.59398207971208,0.052283279315486465,10.391,0.133
2025-06-06 02:42:58+00:00,,,0.0,,0.0
2025-06-06 02:43:58+00:00,,,0.0,,0.0
2025-06-06 02:44:58+00:00,-1.4330181093547005,-1.924511056751059,0.004730123156933832,-2.466,0.009
2025-06-06 02:45:58+00:00,,,0.0,,0.0
2025-06-06 02:46:58+00:00,,,0.0,,0.0
2025-06-06 02:47:58+00:00,21.097602539279656,19.927590662603002,0.132739429644725,19.857,0.2
2025-06-06 02:48:58+00:00,18.687751106032707,17.498529853220855,0.10742279730866314,17.429,0.193
2025-06-06 02:49:58+00:00,13.98210264934308,12.879681557774665,0.06722018266149543,12.785,0.145
2025-06-06 02:50:58+00:00,7.44182468695392,6.641933829722393,0.022139421727827173,6.459,0.056
2025-06-06 02:51:58+00:00,,,0.0,,0.0
2025-06-06 02:52:58+00:00,,,0.0,,0.0
2025-06-06 02:53:58+00:00,,,0.0,,0.0
2025-06-06 02:54:58+00:00,12.995958352268694,11.744061799577494,0.034527825020576663,11.61,0.059
2025-06-06 02:55:58+00:00,,,0.0,,0.0
2025-06-06 02:56:58+00:00,,,0.0,,0.0
2025-06-06 02:57:58+00:00,,,0.0,,0.0
2025-06-06 02:58:58+00:00,15.898096938702398,14.724526764395591,0.09218350899147953,14.566,0.199
2025-06-06 02:59:58+00:00,16.540263620112714,15.526021321397277,0.13630473700902188,15.359,0.312
2025-06-06 03:00:58+00:00,14.093195720425395,13.211132878988876,0.09200031657109156,13.036,0.234
2025-06-06 03:01:58+00:00,9.809959527361528,8.998469762458338,0.03784179704856972,8.108,0.08
2025-06-06 03:02:58+00:00,,,0.0,,0.0
2025-06-06 03:03:58+00:00,,,0.0,,0.0
2025-06-06 03:04:58+00:00,,,0.0,,0.0
2025-06-06 03:05:58+00:00,,,0.0,,0.0
2025-06-06 03:06:58+00:00,,,0.0,,0.0
2025-06-06 03:07:58+00:00,,,0.0,,0.0
2025-06-06 03:08:58+00:00,,,0.0,,0.0
2025-06-06 03:09:58+00:00,,,0.0,,0.0
2025-06-06 03:10:58+00:00,,,0.0,,0.0
2025-06-06 03:11:58+00:00,,,0.0,,0.0
2025-06-06 03:12:58+00:00,,,0.0,,0.0
2025-06-06 03:13:58+00:00,,,0.0,,0.0
2025-06-06 03:14:58+00:00,,,0.0,,0.0
2025-06-06 03:15:58+00:00,,,0.0,,0.0
2025-06-06 03:16:58+00:00,,,0.0,,0.0
2025-06-06 03:17:58+00:00,,,0.0,,0.0
2025-06-06 03:18:58+00:00,,,0.0,,0.0
2025-06-06 03:19:58+00:00,,,0.0,,0.0
2025-06-06 03:20:58+00:00,,,0.0,,0.0
2025-06-06 03:21:58+00:00,,,0.0,,0.0
2025-06-06 03:22:58+00:00,,,0.0,,0.0
2025-06-06 03:23:58+00:00,,,0.0,,0.0
2025-06-06 03:24:58+00:00,,,0.0,,0.0
2025-06-06 03:25:58+00:00,,,0.0,,0.0
2025-06-06 03:26:58+00:00,,,0.0,,0.0
2025-06-06 03:27:58+00:00,,,0.0,,0.0
2025-06-06 03:28:58+00:00,,,0.0,,0.0
2025-06-06 03:29:58+00:00,,,0.0,,0.0
2025-06-06 03:30:58+00:00,,,0.0,,0.0
2025-06-06 03:31:58+00:00,,,0.0,,0.0
2025-06-06 03:32:58+00:00,0.11958500349772588,-0.4884574009099258,0.005427089207703742,-0.743,0.012
2025-06-06 03:33:58+00:00,5.62736562138901,5.022934310448374,0.01967498144309257,4.749,0.053
2025-06-06 03:34:58+00:00,5.1613793538418715,4.5808056774216395,0.018654568539661333,4.314,0.056
2025-06-06 03:35:58+00:00,-1.8922269667088953,-2.32733714822486,0.005161292330988109,-3.233,0.013
2025-06-06 03:36:58+00:00,,,0.0,,0.0
2025-06-06 03:37:58+00:00,,,0.0,,0.0
2025-06-06 03:38:58+00:00,,,0.0,,0.0
2025-06-06 03:39:58+00:00,,,0.0,,0.0
2025-06-06 03:40:58+00:00,,,0.0,,0.0
2025-06-06 03:41:58+00:00,,,0.0,,0.0
2025-06-06 03:42:58+00:00,,,0.0,,0.0
2025-06-06 03:43:58+00:00,,,0.0,,0.0
2025-06-06 03:44:58+00:00,,,0.0,,0.0
2025-06-06 03:45:58+00:00,,,0.0,,0.0
2025-06-06 03:46:58+00:00,,,0.0,,0.0
2025-06-06 03:47:58+00:00,,,0.0,,0.0
2025-06-06 03:48:58+00:00,,,0.0,,0.0
2025-06-06 03:49:58+00:00,,,0.0,,0.0
2025-06-06 03:50:58+00:00,,,0.0,,0.0
2025-06-06 03:51:58+00:00,,,0.0,,0.0
2025-06-06 03:52:58+00:00,,,0.0,,0.0
2025-06-06 03:53:58+00:00,,,0.0,,0.0
2025-06-06 03:54:58+00:00,,,0.0,,0.0
2025-06-06 03:55:58+00:00,,,0.0,,0.0
2025-06-06 03:56:58+00:00,,,0.0,,0.0
2025-06-06 03:57:58+00:00,,,0.0,,0.0
2025-06-06 03:58:58+00:00,,,0.0,,0.0
2025-06-06 03:59:58+00:00,,,0.0,,0.0
2025-06-06 04:00:58+00:00,,,0.0,,0.0
2025-06-06 04:01:58+00:00,,,0.0,,0.0
2025-06-06 04:02:58+00:00,,,0.0,,0.0
2025-06-06 04:03:58+00:00,,,0.0,,0.0
2025-06-06 04:04:58+00:00,,,0.0,,0.0
2025-06-06 04:05:58+00:00,,,0.0,,0.0
2025-06-06 04:06:58+00:00,,,0.0,,0.0
2025-06-06 04:07:58+00:00,,,0.0,,0.0
2025-06-06 04:08:58+00:00,,,0.0,,0.0
2025-06-06 04:09:58+00:00,,,0.0,,0.0
2025-06-06 04:10:58+00:00,,,0.0,,0.0
2025-06-06 04:11:58+00:00,,,0.0,,0.0
2025-06-06 04:12:58+00:00,,,0.0,,0.0
2025-06-06 04:13:58+00:00,,,0.0,,0.0
2025-06-06 04:14:58+00:00,,,0.0,,0.0
2025-06-06 04:15:58+00:00,,,0.0,,0.0
2025-06-06 04:16:58+00:00,,,0.0,,0.0
2025-06-06 04:17:58+00:00,,,0.0,,0.0
2025-06-06 04:18:58+00:00,,,0.0,,0.0
2025-06-06 04:19:58+00:00,,,0.0,,0.0
2025-06-06 04:20:58+00:00,,,0.0,,0.0
2025-06-06 04:21:58+00:00,,,0.0,,0.0
2025-06-06 04:22:58+00:00,,,0.0,,0.0
2025-06-06 04:23:58+00:00,,,0.0,,0.0
2025-06-06 04:24:58+00:00,,,0.0,,0.0
2025-06-06 04:25:58+00:00,,,0.0,,0.0
2025-06-06 04:26:58+00:00,,,0.0,,0.0
2025-06-06 04:27:58+00:00,,,0.0,,0.0
2025-06-06 04:28:58+00:00,,,0.0,,0.0
2025-06-06 04:29:58+00:00,,,0.0,,0.0
2025-06-06 04:30:58+00:00,,,0.0,,0.0
2025-06-06 04:31:58+00:00,,,0.0,,0.0
2025-06-06 04:32:58+00:00,,,0.0,,0.0
2025-06-06 04:33:58+00:00,,,0.0,,0.0
2025-06-06 04:34:58+00:00,,,0.0,,0.0
2025-06-06 04:35:58+00:00,,,0.0,,0.0
2025-06-06 04:36:58+00:00,,,0.0,,0.0
2025-06-06 04:37:58+00:00,13.405327148081023,12.21838548973032,0.04537228822180325,12.137,0.088
2025-06-06 04:38:58+00:00,27.22443442249876,26.294395804787317,0.5482539645765586,26.269,0.882
2025-06-06 04:39:58+00:00,19.81675374756044,18.69150993887212,0.21962249600713576,18.564,0.473
2025-06-06 04:40:58+00:00,22.622122756434997,21.50101205450037,0.3395649716111944,21.398,0.704
2025-06-06 04:41:58+00:00,15.619536619159147,14.594758450915142,0.11018577247785333,14.466,0.265
2025-06-06 04:42:58+00:00,8.718789246957,7.541972338107563,0.01824880701497695,7.409,0.04
2025-06-06 04:43:58+00:00,,,0.0,,0.0
2025-06-06 04:44:58+00:00,,,0.0,,0.0
2025-06-06 04:45:58+00:00,,,0.0,,0.0
2025-06-06 04:46:58+00:00,,,0.0,,0.0
2025-06-06 04:47:58+00:00,,,0.0,,0.0
2025-06-06 04:48:58+00:00,,,0.0,,0.0
2025-06-06 04:49:58+00:00,,,0.0,,0.0
2025-06-06 04:50:58+00:00,,,0.0,,0.0
2025-06-06 04:51:58+00:00,,,0.0,,0.0
2025-06-06 04:52:58+00:00,,,0.0,,0.0
2025-06-06 04:53:58+00:00,,,0.0,,0.0
2025-06-06 04:54:58+00:00,,,0.0,,0.0
2025-06-06 04:55:58+00:00,,,0.0,,0.0
2025-06-06 04:56:58+00:00,,,0.0,,0.0
2025-06-06 04:57:58+00:00,,,0.0,,0.0
2025-06-06 04:58:58+00:00,,,0.0,,0.0
2025-06-06 04:59:58+00:00,,,0.0,,0.0
2025-06-06 05:00:58+00:00,,,0.0,,0.0
2025-06-06 05:01:58+00:00,,,0.0,,0.0
2025-06-06 05:02:58+00:00,,,0.0,,0.0
2025-06-06 05:03:58+00:00,,,0.0,,0.0
2025-06-06 05:04:58+00:00,,,0.0,,0.0
2025-06-06 05:05:58+00:00,,,0.0,,0.0
2025-06-06 05:06:58+00:00,,,0.0,,0.0
2025-06-06 05:07:58+00:00,,,0.0,,0.0
2025-06-06 05:08:58+00:00,,,0.0,,0.0
2025-06-06 05:09:58+00:00,,,0.0,,0.0
2025-06-06 05:10:58+00:00,,,0.0,,0.0
2025-06-06 05:11:58+00:00,,,0.0,,0.0
2025-06-06 05:12:58+00:00,,,0.0,,0.0
2025-06-06 05:13:58+00:00,,,0.0,,0.0
2025-06-06 05:14:58+00:00,,,0.0,,0.0
2025-06-06 05:15:58+00:00,,,0.0,,0.0
2025-06-06 05:16:58+00:00,,,0.0,,0.0
2025-06-06 05:17:58+00:00,,,0.0,,0.0
2025-06-06 05:18:58+00:00,,,0.0,,0.0
2025-06-06 05:19:58+00:00,,,0.0,,0.0
2025-06-06 05:20:58+00:00,,,0.0,,0.0
2025-06-06 05:21:58+00:00,,,0.0,,0.0
2025-06-06 05:22:58+00:00,,,0.0,,0.0
2025-06-06 05:23:58+00:00,,,0.0,,0.0
2025-06-06 05:24:58+00:00,,,0.0,,0.0
2025-06-06 05:25:58+00:00,,,0.0,,0.0
2025-06-06 05:26:58+00:00,,,0.0,,0.0
2025-06-06 05:27:58+00:00,,,0.0,,0.0
2025-06-06 05:28:58+00:00,,,0.0,,0.0
2025-06-06 05:29:58+00:00,,,0.0,,0.0
2025-06-06 05:30:58+00:00,,,0.0,,0.0
2025-06-06 05:31:58+00:00,,,0.0,,0.0
2025-06-06 05:32:58+00:00,,,0.0,,0.0
2025-06-06 05:33:58+00:00,,,0.0,,0.0
2025-06-06 05:34:58+00:00,,,0.0,,0.0
2025-06-06 05:35:58+00:00,,,0.0,,0.0
2025-06-06 05:36:58+00:00,,,0.0,,0.0
2025-06-06 05:37:58+00:00,,,0.0,,0.0
2025-06-06 05:38:58+00:00,,,0.0,,0.0
2025-06-06 05:39:58+00:00,,,0.0,,0.0
2025-06-06 05:40:58+00:00,,,0.0,,0.0
2025-06-06 05:41:58+00:00,,,0.0,,0.0
2025-06-06 05:42:58+00:00,,,0.0,,0.0
2025-06-06 05:43:58+00:00,,,0.0,,0.0
2025-06-06 05:44:58+00:00,,,0.0,,0.0
2025-06-06 05:45:58+00:00,,,0.0,,0.0
2025-06-06 05:46:58+00:00,,,0.0,,0.0
2025-06-06 05:47:58+00:00,,,0.0,,0.0
2025-06-06 05:48:58+00:00,,,0.0,,0.0
2025-06-06 05:49:58+00:00,,,0.0,,0.0
2025-06-06 05:50:58+00:00,,,0.0,,0.0
2025-06-06 05:51:58+00:00,,,0.0,,0.0
2025-06-06 05:52:58+00:00,,,0.0,,0.0
2025-06-06 05:53:58+00:00,,,0.0,,0.0
2025-06-06 05:54:58+00:00,,,0.0,,0.0
2025-06-06 05:55:58+00:00,,,0.0,,0.0
2025-06-06 05:56:58+00:00,,,0.0,,0.0
2025-06-06 05:57:58+00:00,,,0.0,,0.0
2025-06-06 05:58:58+00:00,,,0.0,,0.0
2025-06-06 05:59:58+00:00,,,0.0,,0.0
2025-06-06 06:00:58+00:00,,,0.0,,0.0
2025-06-06 06:01:58+00:00,,,0.0,,0.0
2025-06-06 06:02:58+00:00,,,0.0,,0.0
2025-06-06 06:03:58+00:00,,,0.0,,0.0
2025-06-06 06:04:58+00:00,,,0.0,,0.0
2025-06-06 06:05:58+00:00,,,0.0,,0.0
2025-06-06 06:06:58+00:00,,,0.0,,0.0
2025-06-06 06:07:58+00:00,,,0.0,,0.0
2025-06-06 06:08:58+00:00,,,0.0,,0.0
2025-06-06 06:09:58+00:00,,,0.0,,0.0
2025-06-06 06:10:58+00:00,,,0.0,,0.0
2025-06-06 06:11:58+00:00,,,0.0,,0.0
2025-06-06 06:12:58+00:00,,,0.0,,0.0
2025-06-06 06:13:58+00:00,,,0.0,,0.0
2025-06-06 06:14:58+00:00,,,0.0,,0.0
2025-06-06 06:15:58+00:00,,,0.0,,0.0
2025-06-06 06:16:58+00:00,,,0.0,,0.0
2025-06-06 06:17:58+00:00,,,0.0,,0.0
2025-06-06 06:18:58+00:00,,,0.0,,0.0
2025-06-06 06:19:58+00:00,,,0.0,,0.0
2025-06-06 06:20:58+00:00,,,0.0,,0.0
2025-06-06 06:21:58+00:00,,,0.0,,0.0
2025-06-06 06:22:58+00:00,,,0.0,,0.0
2025-06-06 06:23:58+00:00,,,0.0,,0.0
2025-06-06 06:24:58+00:00,,,0.0,,0.0
2025-06-06 06:25:58+00:00,,,0.0,,0.0
2025-06-06 06:26:58+00:00,,,0.0,,0.0
2025-06-06 06:27:58+00:00,,,0.0,,0.0
2025-06-06 06:28:58+00:00,,,0.0,,0.0
2025-06-06 06:29:58+00:00,,,0.0,,0.0
2025-06-06 06:30:58+00:00,,,0.0,,0.0
2025-06-06 06:31:58+00:00,,,0.0,,0.0
2025-06-06 06:32:58+00:00,,,0.0,,0.0
2025-06-06 06:33:58+00:00,,,0.0,,0.0
2025-06-06 06:34:58+00:00,,,0.0,,0.0
2025-06-06 06:35:58+00:00,,,0.0,,0.0
2025-06-06 06:36:58+00:00,,,0.0,,0.0
2025-06-06 06:37:58+00:00,,,0.0,,0.0
2025-06-06 06:38:58+00:00,,,0.0,,0.0
2025-06-06 06:39:58+00:00,,,0.0,,0.0
2025-06-06 06:40:58+00:00,,,0.0,,0.0
2025-06-06 06:41:58+00:00,,,0.0,,0.0
2025-06-06 06:42:58+00:00,,,0.0,,0.0
2025-06-06 06:43:58+00:00,,,0.0,,0.0
2025-06-06 06:44:58+00:00,,,0.0,,0.0
2025-06-06 06:45:58+00:00,,,0.0,,0.0
2025-06-06 06:46:58+00:00,,,0.0,,0.0
2025-06-06 06:47:58+00:00,,,0.0,,0.0
2025-06-06 06:48:58+00:00,,,0.0,,0.0
2025-06-06 06:49:58+00:00,,,0.0,,0.0
2025-06-06 06:50:58+00:00,,,0.0,,0.0
2025-06-06 06:51:58+00:00,,,0.0,,0.0
2025-06-06 06:52:58+00:00,,,0.0,,0.0
2025-06-06 06:53:58+00:00,,,0.0,,0.0
2025-06-06 06:54:58+00:00,,,0.0,,0.0
2025-06-06 06:55:58+00:00,,,0.0,,0.0
2025-06-06 06:56:58+00:00,,,0.0,,0.0
2025-06-06 06:57:58+00:00,,,0.0,,0.0
2025-06-06 06:58:58+00:00,,,0.0,,0.0
2025-06-06 06:59:58+00:00,,,0.0,,0.0
2025-06-06 07:00:58+00:00,,,0.0,,0.0
2025-06-06 07:01:58+00:00,,,0.0,,0.0
2025-06-06 07:02:58+00:00,,,0.0,,0.0
2025-06-06 07:03:58+00:00,,,0.0,,0.0
2025-06-06 07:04:58+00:00,,,0.0,,0.0
2025-06-06 07:05:58+00:00,,,0.0,,0.0
2025-06-06 07:06:58+00:00,,,0.0,,0.0
2025-06-06 07:07:58+00:00,,,0.0,,0.0
2025-06-06 07:08:58+00:00,,,0.0,,0.0
2025-06-06 07:09:58+00:00,,,0.0,,0.0
2025-06-06 07:10:58+00:00,,,0.0,,0.0
2025-06-06 07:11:58+00:00,,,0.0,,0.0
2025-06-06 07:12:58+00:00,,,0.0,,0.0
2025-06-06 07:13:58+00:00,,,0.0,,0.0
2025-06-06 07:14:58+00:00,,,0.0,,0.0
2025-06-06 07:15:58+00:00,,,0.0,,0.0
2025-06-06 07:16:58+00:00,,,0.0,,0.0
2025-06-06 07:17:58+00:00,,,0.0,,0.0
2025-06-06 07:18:58+00:00,,,0.0,,0.0
2025-06-06 07:19:58+00:00,,,0.0,,0.0
2025-06-06 07:20:58+00:00,,,0.0,,0.0
2025-06-06 07:21:58+00:00,,,0.0,,0.0
2025-06-06 07:22:58+00:00,,,0.0,,0.0
2025-06-06 07:23:58+00:00,,,0.0,,0.0
2025-06-06 07:24:58+00:00,,,0.0,,0.0
2025-06-06 07:25:58+00:00,,,0.0,,0.0
2025-06-06 07:26:58+00:00,,,0.0,,0.0
2025-06-06 07:27:58+00:00,,,0.0,,0.0
2025-06-06 07:28:58+00:00,,,0.0,,0.0
2025-06-06 07:29:58+00:00,,,0.0,,0.0
2025-06-06 07:30:58+00:00,,,0.0,,0.0
2025-06-06 07:31:58+00:00,,,0.0,,0.0
2025-06-06 07:32:58+00:00,,,0.0,,0.0
2025-06-06 07:33:58+00:00,,,0.0,,0.0
2025-06-06 07:34:58+00:00,,,0.0,,0.0
2025-06-06 07:35:58+00:00,,,0.0,,0.0
2025-06-06 07:36:58+00:00,,,0.0,,0.0
2025-06-06 07:37:58+00:00,,,0.0,,0.0
2025-06-06 07:38:58+00:00,,,0.0,,0.0
2025-06-06 07:39:58+00:00,,,0.0,,0.0
2025-06-06 07:40:58+00:00,,,0.0,,0.0
2025-06-06 07:41:58+00:00,,,0.0,,0.0
2025-06-06 07:42:58+00:00,,,0.0,,0.0
2025-06-06 07:43:58+00:00,,,0.0,,0.0
2025-06-06 07:44:58+00:00,,,0.0,,0.0
2025-06-06 07:45:58+00:00,,,0.0,,0.0
2025-06-06 07:46:58+00:00,,,0.0,,0.0
2025-06-06 07:47:58+00:00,,,0.0,,0.0
2025-06-06 07:48:58+00:00,,,0.0,,0.0
2025-06-06 07:49:58+00:00,,,0.0,,0.0
2025-06-06 07:50:58+00:00,,,0.0,,0.0
2025-06-06 07:51:58+00:00,,,0.0,,0.0
2025-06-06 07:52:58+00:00,,,0.0,,0.0
2025-06-06 07:53:58+00:00,,,0.0,,0.0
2025-06-06 07:54:58+00:00,,,0.0,,0.0
2025-06-06 07:55:58+00:00,,,0.0,,0.0
2025-06-06 07:56:58+00:00,,,0.0,,0.0
2025-06-06 07:57:58+00:00,,,0.0,,0.0
2025-06-06 07:58:58+00:00,,,0.0,,0.0
2025-06-06 07:59:58+00:00,,,0.0,,0.0
2025-06-06 08:00:58+00:00,,,0.0,,0.0
2025-06-06 08:01:58+00:00,,,0.0,,0.0
2025-06-06 08:02:58+00:00,,,0.0,,0.0
2025-06-06 08:03:58+00:00,,,0.0,,0.0
2025-06-06 08:04:58+00:00,,,0.0,,0.0
2025-06-06 08:05:58+00:00,,,0.0,,0.0
2025-06-06 08:06:58+00:00,,,0.0,,0.0
2025-06-06 08:07:58+00:00,,,0.0,,0.0
2025-06-06 08:08:58+00:00,,,0.0,,0.0
2025-06-06 08:09:58+00:00,,,0.0,,0.0
2025-06-06 08:10:58+00:00,,,0.0,,0.0
2025-06-06 08:11:58+00:00,,,0.0,,0.0
2025-06-06 08:12:58+00:00,,,0.0,,0.0
2025-06-06 08:13:58+00:00,,,0.0,,0.0
2025-06-06 08:14:58+00:00,,,0.0,,0.0
2025-06-06 08:15:58+00:00,,,0.0,,0.0
2025-06-06 08:16:58+00:00,,,0.0,,0.0
2025-06-06 08:17:58+00:00,,,0.0,,0.0
2025-06-06 08:18:58+00:00,,,0.0,,0.0
2025-06-06 08:19:58+00:00,,,0.0,,0.0
2025-06-06 08:20:58+00:00,,,0.0,,0.0
2025-06-06 08:21:58+00:00,,,0.0,,0.0
2025-06-06 08:22:58+00:00,,,0.0,,0.0
2025-06-06 08:23:58+00:00,,,0.0,,0.0
2025-06-06 08:24:58+00:00,,,0.0,,0.0
2025-06-06 08:25:58+00:00,,,0.0,,0.0
2025-06-06 08:26:58+00:00,,,0.0,,0.0
2025-06-06 08:27:58+00:00,,,0.0,,0.0
2025-06-06 08:28:58+00:00,,,0.0,,0.0
2025-06-06 08:29:58+00:00,,,0.0,,0.0
2025-06-06 08:30:58+00:00,,,0.0,,0.0
2025-06-06 08:31:58+00:00,,,0.0,,0.0
2025-06-06 08:32:58+00:00,,,0.0,,0.0
2025-06-06 08:33:58+00:00,,,0.0,,0.0
2025-06-06 08:34:58+00:00,,,0.0,,0.0
2025-06-06 08:35:58+00:00,,,0.0,,0.0
2025-06-06 08:36:58+00:00,,,0.0,,0.0
2025-06-06 08:37:58+00:00,,,0.0,,0.0
2025-06-06 08:38:58+00:00,,,0.0,,0.0
2025-06-06 08:39:58+00:00,,,0.0,,0.0
2025-06-06 08:40:58+00:00,,,0.0,,0.0
2025-06-06 08:41:58+00:00,,,0.0,,0.0
2025-06-06 08:42:58+00:00,,,0.0,,0.0
2025-06-06 08:43:58+00:00,,,0.0,,0.0
2025-06-06 08:44:58+00:00,,,0.0,,0.0
2025-06-06 08:45:58+00:00,,,0.0,,0.0
2025-06-06 08:46:58+00:00,,,0.0,,0.0
2025-06-06 08:47:58+00:00,,,0.0,,0.0
2025-06-06 08:48:58+00:00,,,0.0,,0.0
2025-06-06 08:49:58+00:00,,,0.0,,0.0
2025-06-06 08:50:58+00:00,,,0.0,,0.0
2025-06-06 08:51:58+00:00,,,0.0,,0.0
2025-06-06 08:52:58+00:00,,,0.0,,0.0
2025-06-06 08:53:58+00:00,,,0.0,,0.0
2025-06-06 08:54:58+00:00,,,0.0,,0.0
2025-06-06 08:55:58+00:00,,,0.0,,0.0
2025-06-06 08:56:58+00:00,,,0.0,,0.0
2025-06-06 08:57:58+00:00,,,0.0,,0.0
2025-06-06 08:58:58+00:00,,,0.0,,0.0
2025-06-06 08:59:58+00:00,,,0.0,,0.0
2025-06-06 09:00:58+00:00,,,0.0,,0.0
2025-06-06 09:01:58+00:00,,,0.0,,0.0
2025-06-06 09:02:58+00:00,,,0.0,,0.0
2025-06-06 09:03:58+00:00,,,0.0,,0.0
2025-06-06 09:04:58+00:00,,,0.0,,0.0
2025-06-06 09:05:58+00:00,,,0.0,,0.0
2025-06-06 09:06:58+00:00,,,0.0,,0.0
2025-06-06 09:07:58+00:00,,,0.0,,0.0
2025-06-06 09:08:58+00:00,,,0.0,,0.0
2025-06-06 09:09:58+00:00,,,0.0,,0.0
2025-06-06 09:10:58+00:00,,,0.0,,0.0
2025-06-06 09:11:58+00:00,,,0.0,,0.0
2025-06-06 09:12:58+00:00,,,0.0,,0.0
2025-06-06 09:13:58+00:00,,,0.0,,0.0
2025-06-06 09:14:58+00:00,,,0.0,,0.0
2025-06-06 09:15:58+00:00,,,0.0,,0.0
2025-06-06 09:16:58+00:00,,,0.0,,0.0
2025-06-06 09:17:58+00:00,,,0.0,,0.0
2025-06-06 09:18:58+00:00,,,0.0,,0.0
2025-06-06 09:19:58+00:00,,,0.0,,0.0
2025-06-06 09:20:58+00:00,,,0.0,,0.0
2025-06-06 09:21:58+00:00,,,0.0,,0.0
2025-06-06 09:22:58+00:00,,,0.0,,0.0
2025-06-06 09:23:58+00:00,,,0.0,,0.0
2025-06-06 09:24:58+00:00,,,0.0,,0.0
2025-06-06 09:25:58+00:00,,,0.0,,0.0
2025-06-06 09:26:58+00:00,,,0.0,,0.0
2025-06-06 09:27:58+00:00,,,0.0,,0.0
2025-06-06 09:28:58+00:00,,,0.0,,0.0
2025-06-06 09:29:58+00:00,,,0.0,,0.0
2025-06-06 09:30:58+00:00,,,0.0,,0.0
2025-06-06 09:31:58+00:00,,,0.0,,0.0
2025-06-06 09:32:58+00:00,,,0.0,,0.0
2025-06-06 09:33:58+00:00,,,0.0,,0.0
2025-06-06 09:34:58+00:00,,,0.0,,0.0
2025-06-06 09:35:58+00:00,,,0.0,,0.0
2025-06-06 09:36:58+00:00,,,0.0,,0.0
2025-06-06 09:37:58+00:00,,,0.0,,0.0
2025-06-06 09:38:58+00:00,,,0.0,,0.0
2025-06-06 09:39:58+00:00,,,0.0,,0.0
2025-06-06 09:40:58+00:00,,,0.0,,0.0
2025-06-06 09:41:58+00:00,,,0.0,,0.0
2025-06-06 09:42:58+00:00,,,0.0,,0.0
2025-06-06 09:43:58+00:00,,,0.0,,0.0
2025-06-06 09:44:58+00:00,,,0.0,,0.0
2025-06-06 09:45:58+00:00,,,0.0,,0.0
2025-06-06 09:46:58+00:00,,,0.0,,0.0
2025-06-06 09:47:58+00:00,,,0.0,,0.0
2025-06-06 09:48:58+00:00,,,0.0,,0.0
2025-06-06 09:49:58+00:00,,,0.0,,0.0
2025-06-06 09:50:58+00:00,,,0.0,,0.0
2025-06-06 09:51:58+00:00,,,0.0,,0.0
2025-06-06 09:52:58+00:00,,,0.0,,0.0
2025-06-06 09:53:58+00:00,,,0.0,,0.0
2025-06-06 09:54:58+00:00,,,0.0,,0.0
2025-06-06 09:55:58+00:00,,,0.0,,0.0
2025-06-06 09:56:58+00:00,,,0.0,,0.0
2025-06-06 09:57:58+00:00,,,0.0,,0.0
2025-06-06 09:58:58+00:00,,,0.0,,0.0
2025-06-06 09:59:58+00:00,,,0.0,,0.0
2025-06-06 10:00:58+00:00,,,0.0,,0.0
2025-06-06 10:01:58+00:00,,,0.0,,0.0
2025-06-06 10:02:58+00:00,,,0.0,,0.0
2025-06-06 10:03:58+00:00,,,0.0,,0.0
2025-06-06 10:04:58+00:00,,,0.0,,0.0
2025-06-06 10:05:58+00:00,,,0.0,,0.0
2025-06-06 10:06:58+00:00,,,0.0,,0.0
2025-06-06 10:07:58+00:00,,,0.0,,0.0
2025-06-06 10:08:58+00:00,,,0.0,,0.0
2025-06-06 10:09:58+00:00,,,0.0,,0.0
2025-06-06 10:10:58+00:00,,,0.0,,0.0
2025-06-06 10:11:58+00:00,,,0.0,,0.0
2025-06-06 10:12:58+00:00,,,0.0,,0.0
2025-06-06 10:13:58+00:00,,,0.0,,0.0
2025-06-06 10:14:58+00:00,,,0.0,,0.0
2025-06-06 10:15:58+00:00,,,0.0,,0.0
2025-06-06 10:16:58+00:00,,,0.0,,0.0
2025-06-06 10:17:58+00:00,,,0.0,,0.0
2025-06-06 10:18:58+00:00,,,0.0,,0.0
2025-06-06 10:19:58+00:00,,,0.0,,0.0
2025-06-06 10:20:58+00:00,,,0.0,,0.0
2025-06-06 10:21:58+00:00,,,0.0,,0.0
2025-06-06 10:22:58+00:00,,,0.0,,0.0
2025-06-06 10:23:58+00:00,,,0.0,,0.0
2025-06-06 10:24:58+00:00,,,0.0,,0.0
2025-06-06 10:25:58+00:00,,,0.0,,0.0
2025-06-06 10:26:58+00:00,,,0.0,,0.0
2025-06-06 10:27:58+00:00,,,0.0,,0.0
2025-06-06 10:28:58+00:00,,,0.0,,0.0
2025-06-06 10:29:58+00:00,,,0.0,,0.0
2025-06-06 10:30:58+00:00,,,0.0,,0.0
2025-06-06 10:31:58+00:00,,,0.0,,0.0
2025-06-06 10:32:58+00:00,,,0.0,,0.0
2025-06-06 10:33:58+00:00,,,0.0,,0.0
2025-06-06 10:34:58+00:00,,,0.0,,0.0
2025-06-06 10:35:58+00:00,,,0.0,,0.0
2025-06-06 10:36:58+00:00,,,0.0,,0.0
2025-06-06 10:37:58+00:00,,,0.0,,0.0
2025-06-06 10:38:58+00:00,,,0.0,,0.0
2025-06-06 10:39:58+00:00,,,0.0,,0.0
2025-06-06 10:40:58+00:00,,,0.0,,0.0
2025-06-06 10:41:58+00:00,,,0.0,,0.0
2025-06-06 10:42:58+00:00,,,0.0,,0.0
2025-06-06 10:43:58+00:00,,,0.0,,0.0
2025-06-06 10:44:58+00:00,,,0.0,,0.0
2025-06-06 10:45:58+00:00,,,0.0,,0.0
2025-06-06 10:46:58+00:00,,,0.0,,0.0
2025-06-06 10:47:58+00:00,,,0.0,,0.0
2025-06-06 10:48:58+00:00,,,0.0,,0.0
2025-06-06 10:49:58+00:00,,,0.0,,0.0
2025-06-06 10:50:58+00:00,,,0.0,,0.0
2025-06-06 10:51:58+00:00,,,0.0,,0.0
2025-06-06 10:52:58+00:00,,,0.0,,0.0
2025-06-06 10:53:58+00:00,,,0.0,,0.0
2025-06-06 10:54:58+00:00,,,0.0,,0.0
2025-06-06 10:55:58+00:00,,,0.0,,0.0
2025-06-06 10:56:58+00:00,,,0.0,,0.0
2025-06-06 10:57:58+00:00,,,0.0,,0.0
2025-06-06 10:58:58+00:00,,,0.0,,0.0
2025-06-06 10:59:58+00:00,,,0.0,,0.0
2025-06-06 11:00:58+00:00,,,0.0,,0.0
2025-06-06 11:01:58+00:00,,,0.0,,0.0
2025-06-06 11:02:58+00:00,,,0.0,,0.0
2025-06-06 11:03:58+00:00,,,0.0,,0.0
2025-06-06 11:04:58+00:00,,,0.0,,0.0
2025-06-06 11:05:58+00:00,,,0.0,,0.0
2025-06-06 11:06:58+00:00,,,0.0,,0.0
2025-06-06 11:07:58+00:00,,,0.0,,0.0
2025-06-06 11:08:58+00:00,,,0.0,,0.0
2025-06-06 11:09:58+00:00,,,0.0,,0.0
2025-06-06 11:10:58+00:00,,,0.0,,0.0
2025-06-06 11:11:58+00:00,,,0.0,,0.0
2025-06-06 11:12:58+00:00,,,0.0,,0.0
2025-06-06 11:13:58+00:00,,,0.0,,0.0
2025-06-06 11:14:58+00:00,,,0.0,,0.0
2025-06-06 11:15:58+00:00,,,0.0,,0.0
2025-06-06 11:16:58+00:00,,,0.0,,0.0
2025-06-06 11:17:58+00:00,,,0.0,,0.0
2025-06-06 11:18:58+00:00,,,0.0,,0.0
2025-06-06 11:19:58+00:00,,,0.0,,0.0
2025-06-06 11:20:58+00:00,,,0.0,,0.0
2025-06-06 11:21:58+00:00,,,0.0,,0.0
2025-06-06 11:22:58+00:00,,,0.0,,0.0
2025-06-06 11:23:58+00:00,,,0.0,,0.0
2025-06-06 11:24:58+00:00,,,0.0,,0.0
2025-06-06 11:25:58+00:00,,,0.0,,0.0
2025-06-06 11:26:58+00:00,,,0.0,,0.0
2025-06-06 11:27:58+00:00,,,0.0,,0.0
2025-06-06 11:28:58+00:00,,,0.0,,0.0
2025-06-06 11:29:58+00:00,,,0.0,,0.0
2025-06-06 11:30:58+00:00,,,0.0,,0.0
2025-06-06 11:31:58+00:00,,,0.0,,0.0
2025-06-06 11:32:58+00:00,,,0.0,,0.0
2025-06-06 11:33:58+00:00,,,0.0,,0.0
2025-06-06 11:34:58+00:00,,,0.0,,0.0
2025-06-06 11:35:58+00:00,,,0.0,,0.0
2025-06-06 11:36:58+00:00,,,0.0,,0.0
2025-06-06 11:37:58+00:00,,,0.0,,0.0
2025-06-06 11:38:58+00:00,,,0.0,,0.0
2025-06-06 11:39:58+00:00,,,0.0,,0.0
2025-06-06 11:40:58+00:00,,,0.0,,0.0
2025-06-06 11:41:58+00:00,,,0.0,,0.0
2025-06-06 11:42:58+00:00,,,0.0,,0.0
2025-06-06 11:43:58+00:00,,,0.0,,0.0
2025-06-06 11:44:58+00:00,,,0.0,,0.0
2025-06-06 11:45:58+00:00,,,0.0,,0.0
2025-06-06 11:46:58+00:00,,,0.0,,0.0
2025-06-06 11:47:58+00:00,,,0.0,,0.0
2025-06-06 11:48:58+00:00,,,0.0,,0.0
2025-06-06 11:49:58+00:00,,,0.0,,0.0
2025-06-06 11:50:58+00:00,,,0.0,,0.0
2025-06-06 11:51:58+00:00,,,0.0,,0.0
2025-06-06 11:52:58+00:00,,,0.0,,0.0
2025-06-06 11:53:58+00:00,,,0.0,,0.0
2025-06-06 11:54:58+00:00,,,0.0,,0.0
2025-06-06 11:55:58+00:00,,,0.0,,0.0
2025-06-06 11:56:58+00:00,,,0.0,,0.0
2025-06-06 11:57:58+00:00,,,0.0,,0.0
2025-06-06 11:58:58+00:00,,,0.0,,0.0
2025-06-06 11:59:58+00:00,,,0.0,,0.0
2025-06-06 12:00:58+00:00,,,0.0,,0.0
2025-06-06 12:01:58+00:00,,,0.0,,0.0
2025-06-06 12:02:58+00:00,,,0.0,,0.0
2025-06-06 12:03:58+00:00,,,0.0,,0.0
2025-06-06 12:04:58+00:00,,,0.0,,0.0
2025-06-06 12:05:58+00:00,,,0.0,,0.0
2025-06-06 12:06:58+00:00,,,0.0,,0.0
2025-06-06 12:07:58+00:00,,,0.0,,0.0
2025-06-06 12:08:58+00:00,,,0.0,,0.0
2025-06-06 12:09:58+00:00,,,0.0,,0.0
2025-06-06 12:10:58+00:00,,,0.0,,0.0
2025-06-06 12:11:58+00:00,,,0.0,,0.0
2025-06-06 12:12:58+00:00,,,0.0,,0.0
2025-06-06 12:13:58+00:00,,,0.0,,0.0
2025-06-06 12:14:58+00:00,,,0.0,,0.0
2025-06-06 12:15:58+00:00,,,0.0,,0.0
2025-06-06 12:16:58+00:00,,,0.0,,0.0
2025-06-06 12:17:58+00:00,,,0.0,,0.0
2025-06-06 12:18:58+00:00,,,0.0,,0.0
2025-06-06 12:19:58+00:00,,,0.0,,0.0
2025-06-06 12:20:58+00:00,,,0.0,,0.0
2025-06-06 12:21:58+00:00,,,0.0,,0.0
2025-06-06 12:22:58+00:00,,,0.0,,0.0
2025-06-06 12:23:58+00:00,,,0.0,,0.0
2025-06-06 12:24:58+00:00,,,0.0,,0.0
2025-06-06 12:25:58+00:00,,,0.0,,0.0
2025-06-06 12:26:58+00:00,,,0.0,,0.0
2025-06-06 12:27:58+00:00,,,0.0,,0.0
2025-06-06 12:28:58+00:00,,,0.0,,0.0
2025-06-06 12:29:58+00:00,,,0.0,,0.0
2025-06-06 12:30:58+00:00,,,0.0,,0.0
2025-06-06 12:31:58+00:00,,,0.0,,0.0
2025-06-06 12:32:58+00:00,,,0.0,,0.0
2025-06-06 12:33:58+00:00,,,0.0,,0.0
2025-06-06 12:34:58+00:00,,,0.0,,0.0
2025-06-06 12:35:58+00:00,,,0.0,,0.0
2025-06-06 12:36:58+00:00,,,0.0,,0.0
2025-06-06 12:37:58+00:00,,,0.0,,0.0
2025-06-06 12:38:58+00:00,,,0.0,,0.0
2025-06-06 12:39:58+00:00,,,0.0,,0.0
2025-06-06 12:40:58+00:00,,,0.0,,0.0
2025-06-06 12:41:58+00:00,,,0.0,,0.0
2025-06-06 12:42:58+00:00,,,0.0,,0.0
2025-06-06 12:43:58+00:00,,,0.0,,0.0
2025-06-06 12:44:58+00:00,,,0.0,,0.0
2025-06-06 12:45:58+00:00,,,0.0,,0.0
2025-06-06 12:46:58+00:00,,,0.0,,0.0
2025-06-06 12:47:58+00:00,,,0.0,,0.0
2025-06-06 12:48:58+00:00,,,0.0,,0.0
2025-06-06 12:49:58+00:00,,,0.0,,0.0
2025-06-06 12:50:58+00:00,,,0.0,,0.0
2025-06-06 12:51:58+00:00,,,0.0,,0.0
2025-06-06 12:52:58+00:00,,,0.0,,0.0
2025-06-06 12:53:58+00:00,,,0.0,,0.0
2025-06-06 12:54:58+00:00,,,0.0,,0.0
2025-06-06 12:55:58+00:00,,,0.0,,0.0
2025-06-06 12:56:58+00:00,,,0.0,,0.0
2025-06-06 12:57:58+00:00,,,0.0,,0.0
2025-06-06 12:58:58+00:00,,,0.0,,0.0
2025-06-06 12:59:58+00:00,,,0.0,,0.0
2025-06-06 13:00:58+00:00,,,0.0,,0.0
2025-06-06 13:01:58+00:00,,,0.0,,0.0
2025-06-06 13:02:58+00:00,,,0.0,,0.0
2025-06-06 13:03:58+00:00,,,0.0,,0.0
2025-06-06 13:04:58+00:00,,,0.0,,0.0
2025-06-06 13:05:58+00:00,,,0.0,,0.0
2025-06-06 13:06:58+00:00,,,0.0,,0.0
2025-06-06 13:07:58+00:00,,,0.0,,0.0
2025-06-06 13:08:58+00:00,,,0.0,,0.0
2025-06-06 13:09:58+00:00,,,0.0,,0.0
2025-06-06 13:10:58+00:00,,,0.0,,0.0
2025-06-06 13:11:58+00:00,,,0.0,,0.0
2025-06-06 13:12:58+00:00,,,0.0,,0.0
2025-06-06 13:13:58+00:00,,,0.0,,0.0
2025-06-06 13:14:58+00:00,,,0.0,,0.0
2025-06-06 13:15:58+00:00,,,0.0,,0.0
2025-06-06 13:16:58+00:00,,,0.0,,0.0
2025-06-06 13:17:58+00:00,,,0.0,,0.0
2025-06-06 13:18:58+00:00,,,0.0,,0.0
2025-06-06 13:19:58+00:00,,,0.0,,0.0
2025-06-06 13:20:58+00:00,,,0.0,,0.0
2025-06-06 13:21:58+00:00,,,0.0,,0.0
2025-06-06 13:22:58+00:00,,,0.0,,0.0
2025-06-06 13:23:58+00:00,,,0.0,,0.0
2025-06-06 13:24:58+00:00,,,0.0,,0.0
2025-06-06 13:25:58+00:00,,,0.0,,0.0
2025-06-06 13:26:58+00:00,,,0.0,,0.0
2025-06-06 13:27:58+00:00,,,0.0,,0.0
2025-06-06 13:28:58+00:00,,,0.0,,0.0
2025-06-06 13:29:58+00:00,,,0.0,,0.0
2025-06-06 13:30:58+00:00,,,0.0,,0.0
2025-06-06 13:31:58+00:00,,,0.0,,0.0
2025-06-06 13:32:58+00:00,,,0.0,,0.0
2025-06-06 13:33:58+00:00,,,0.0,,0.0
2025-06-06 13:34:58+00:00,,,0.0,,0.0
2025-06-06 13:35:58+00:00,,,0.0,,0.0
2025-06-06 13:36:58+00:00,,,0.0,,0.0
2025-06-06 13:37:58+00:00,,,0.0,,0.0
2025-06-06 13:38:58+00:00,,,0.0,,0.0
2025-06-06 13:39:58+00:00,,,0.0,,0.0
2025-06-06 13:40:58+00:00,,,0.0,,0.0
2025-06-06 13:41:58+00:00,,,0.0,,0.0
2025-06-06 13:42:58+00:00,,,0.0,,0.0
2025-06-06 13:43:58+00:00,,,0.0,,0.0
2025-06-06 13:44:58+00:00,,,0.0,,0.0
2025-06-06 13:45:58+00:00,,,0.0,,0.0
2025-06-06 13:46:58+00:00,,,0.0,,0.0
2025-06-06 13:47:58+00:00,,,0.0,,0.0
2025-06-06 13:48:58+00:00,,,0.0,,0.0
2025-06-06 13:49:58+00:00,,,0.0,,0.0
2025-06-06 13:50:58+00:00,,,0.0,,0.0
2025-06-06 13:51:58+00:00,,,0.0,,0.0
2025-06-06 13:52:58+00:00,,,0.0,,0.0
2025-06-06 13:53:58+00:00,,,0.0,,0.0
2025-06-06 13:54:58+00:00,,,0.0,,0.0
2025-06-06 13:55:58+00:00,,,0.0,,0.0
2025-06-06 13:56:58+00:00,,,0.0,,0.0
2025-06-06 13:57:58+00:00,,,0.0,,0.0
2025-06-06 13:58:58+00:00,,,0.0,,0.0
2025-06-06 13:59:58+00:00,,,0.0,,0.0
2025-06-06 14:00:58+00:00,,,0.0,,0.0
2025-06-06 14:01:58+00:00,,,0.0,,0.0
2025-06-06 14:02:58+00:00,,,0.0,,0.0
2025-06-06 14:03:58+00:00,,,0.0,,0.0
2025-06-06 14:04:58+00:00,,,0.0,,0.0
2025-06-06 14:05:58+00:00,,,0.0,,0.0
2025-06-06 14:06:58+00:00,,,0.0,,0.0
2025-06-06 14:07:58+00:00,,,0.0,,0.0
2025-06-06 14:08:58+00:00,,,0.0,,0.0
2025-06-06 14:09:58+00:00,,,0.0,,0.0
2025-06-06 14:10:58+00:00,,,0.0,,0.0
2025-06-06 14:11:58+00:00,,,0.0,,0.0
2025-06-06 14:12:58+00:00,,,0.0,,0.0
2025-06-06 14:13:58+00:00,,,0.0,,0.0
2025-06-06 14:14:58+00:00,,,0.0,,0.0
2025-06-06 14:15:58+00:00,,,0.0,,0.0
2025-06-06 14:16:58+00:00,,,0.0,,0.0
2025-06-06 14:17:58+00:00,,,0.0,,0.0
2025-06-06 14:18:58+00:00,,,0.0,,0.0
2025-06-06 14:19:58+00:00,,,0.0,,0.0
2025-06-06 14:20:58+00:00,,,0.0,,0.0
2025-06-06 14:21:58+00:00,,,0.0,,0.0
2025-06-06 14:22:58+00:00,,,0.0,,0.0
2025-06-06 14:23:58+00:00,,,0.0,,0.0
2025-06-06 14:24:58+00:00,,,0.0,,0.0
2025-06-06 14:25:58+00:00,,,0.0,,0.0
2025-06-06 14:26:58+00:00,,,0.0,,0.0
2025-06-06 14:27:58+00:00,,,0.0,,0.0
2025-06-06 14:28:58+00:00,,,0.0,,0.0
2025-06-06 14:29:58+00:00,,,0.0,,0.0
2025-06-06 14:30:58+00:00,,,0.0,,0.0
2025-06-06 14:31:58+00:00,,,0.0,,0.0
2025-06-06 14:32:58+00:00,,,0.0,,0.0
2025-06-06 14:33:58+00:00,,,0.0,,0.0
2025-06-06 14:34:58+00:00,,,0.0,,0.0
2025-06-06 14:35:58+00:00,,,0.0,,0.0
2025-06-06 14:36:58+00:00,,,0.0,,0.0
2025-06-06 14:37:58+00:00,,,0.0,,0.0
2025-06-06 14:38:58+00:00,,,0.0,,0.0
2025-06-06 14:39:58+00:00,,,0.0,,0.0
2025-06-06 14:40:58+00:00,,,0.0,,0.0
2025-06-06 14:41:58+00:00,,,0.0,,0.0
2025-06-06 14:42:58+00:00,,,0.0,,0.0
2025-06-06 14:43:58+00:00,,,0.0,,0.0
2025-06-06 14:44:58+00:00,,,0.0,,0.0
2025-06-06 14:45:58+00:00,,,0.0,,0.0
2025-06-06 14:46:58+00:00,,,0.0,,0.0
2025-06-06 14:47:58+00:00,,,0.0,,0.0
2025-06-06 14:48:58+00:00,,,0.0,,0.0
2025-06-06 14:49:58+00:00,,,0.0,,0.0
2025-06-06 14:50:58+00:00,,,0.0,,0.0
2025-06-06 14:51:58+00:00,,,0.0,,0.0
2025-06-06 14:52:58+00:00,,,0.0,,0.0
2025-06-06 14:53:58+00:00,,,0.0,,0.0
2025-06-06 14:54:58+00:00,,,0.0,,0.0
2025-06-06 14:55:58+00:00,,,0.0,,0.0
2025-06-06 14:56:58+00:00,,,0.0,,0.0
2025-06-06 14:57:58+00:00,,,0.0,,0.0
2025-06-06 14:58:58+00:00,,,0.0,,0.0
2025-06-06 14:59:58+00:00,,,0.0,,0.0
2025-06-06 15:00:58+00:00,,,0.0,,0.0
2025-06-06 15:01:58+00:00,,,0.0,,0.0
2025-06-06 15:02:58+00:00,,,0.0,,0.0
2025-06-06 15:03:58+00:00,,,0.0,,0.0
2025-06-06 15:04:58+00:00,,,0.0,,0.0
2025-06-06 15:05:58+00:00,,,0.0,,0.0
2025-06-06 15:06:58+00:00,,,0.0,,0.0
2025-06-06 15:07:58+00:00,,,0.0,,0.0
2025-06-06 15:08:58+00:00,,,0.0,,0.0
2025-06-06 15:09:58+00:00,,,0.0,,0.0
2025-06-06 15:10:58+00:00,,,0.0,,0.0
2025-06-06 15:11:58+00:00,,,0.0,,0.0
2025-06-06 15:12:58+00:00,,,0.0,,0.0
2025-06-06 15:13:58+00:00,,,0.0,,0.0
2025-06-06 15:14:58+00:00,,,0.0,,0.0
2025-06-06 15:15:58+00:00,,,0.0,,0.0
2025-06-06 15:16:58+00:00,,,0.0,,0.0
2025-06-06 15:17:58+00:00,,,0.0,,0.0
2025-06-06 15:18:58+00:00,,,0.0,,0.0
2025-06-06 15:19:58+00:00,,,0.0,,0.0
2025-06-06 15:20:58+00:00,,,0.0,,0.0
2025-06-06 15:21:58+00:00,,,0.0,,0.0
2025-06-06 15:22:58+00:00,,,0.0,,0.0
2025-06-06 15:23:58+00:00,,,0.0,,0.0
2025-06-06 15:24:58+00:00,,,0.0,,0.0
2025-06-06 15:25:58+00:00,,,0.0,,0.0
2025-06-06 15:26:58+00:00,,,0.0,,0.0
2025-06-06 15:27:58+00:00,,,0.0,,0.0
2025-06-06 15:28:58+00:00,,,0.0,,0.0
2025-06-06 15:29:58+00:00,,,0.0,,0.0
2025-06-06 15:30:58+00:00,,,0.0,,0.0
2025-06-06 15:31:58+00:00,,,0.0,,0.0
2025-06-06 15:32:58+00:00,,,0.0,,0.0
2025-06-06 15:33:58+00:00,,,0.0,,0.0
2025-06-06 15:34:58+00:00,,,0.0,,0.0
2025-06-06 15:35:58+00:00,,,0.0,,0.0
2025-06-06 15:36:58+00:00,,,0.0,,0.0
2025-06-06 15:37:58+00:00,,,0.0,,0.0
2025-06-06 15:38:58+00:00,,,0.0,,0.0
2025-06-06 15:39:58+00:00,,,0.0,,0.0
2025-06-06 15:40:58+00:00,,,0.0,,0.0
2025-06-06 15:41:58+00:00,,,0.0,,0.0
2025-06-06 15:42:58+00:00,,,0.0,,0.0
2025-06-06 15:43:58+00:00,,,0.0,,0.0
2025-06-06 15:44:58+00:00,,,0.0,,0.0
2025-06-06 15:45:58+00:00,,,0.0,,0.0
2025-06-06 15:46:58+00:00,,,0.0,,0.0
2025-06-06 15:47:58+00:00,,,0.0,,0.0
2025-06-06 15:48:58+00:00,,,0.0,,0.0
2025-06-06 15:49:58+00:00,,,0.0,,0.0
2025-06-06 15:50:58+00:00,,,0.0,,0.0
2025-06-06 15:51:58+00:00,,,0.0,,0.0
2025-06-06 15:52:58+00:00,,,0.0,,0.0
2025-06-06 15:53:58+00:00,,,0.0,,0.0
2025-06-06 15:54:58+00:00,,,0.0,,0.0
2025-06-06 15:55:58+00:00,,,0.0,,0.0
2025-06-06 15:56:58+00:00,,,0.0,,0.0
2025-06-06 15:57:58+00:00,,,0.0,,0.0
2025-06-06 15:58:58+00:00,,,0.0,,0.0
2025-06-06 15:59:58+00:00,,,0.0,,0.0
2025-06-06 16:00:58+00:00,,,0.0,,0.0
2025-06-06 16:01:58+00:00,,,0.0,,0.0
2025-06-06 16:02:58+00:00,,,0.0,,0.0
2025-06-06 16:03:58+00:00,,,0.0,,0.0
2025-06-06 16:04:58+00:00,,,0.0,,0.0
2025-06-06 16:05:58+00:00,,,0.0,,0.0
2025-06-06 16:06:58+00:00,,,0.0,,0.0
2025-06-06 16:07:58+00:00,,,0.0,,0.0
2025-06-06 16:08:58+00:00,,,0.0,,0.0
2025-06-06 16:09:58+00:00,,,0.0,,0.0
2025-06-06 16:10:58+00:00,,,0.0,,0.0
2025-06-06 16:11:58+00:00,,,0.0,,0.0
2025-06-06 16:12:58+00:00,,,0.0,,0.0
2025-06-06 16:13:58+00:00,,,0.0,,0.0
2025-06-06 16:14:58+00:00,,,0.0,,0.0
2025-06-06 16:15:58+00:00,,,0.0,,0.0
2025-06-06 16:16:58+00:00,,,0.0,,0.0
2025-06-06 16:17:58+00:00,,,0.0,,0.0
2025-06-06 16:18:58+00:00,,,0.0,,0.0
2025-06-06 16:19:58+00:00,,,0.0,,0.0
2025-06-06 16:20:58+00:00,,,0.0,,0.0
2025-06-06 16:21:58+00:00,,,0.0,,0.0
2025-06-06 16:22:58+00:00,,,0.0,,0.0
2025-06-06 16:23:58+00:00,,,0.0,,0.0
2025-06-06 16:24:58+00:00,,,0.0,,0.0
2025-06-06 16:25:58+00:00,,,0.0,,0.0
2025-06-06 16:26:58+00:00,,,0.0,,0.0
2025-06-06 16:27:58+00:00,,,0.0,,0.0
2025-06-06 16:28:58+00:00,,,0.0,,0.0
2025-06-06 16:29:58+00:00,,,0.0,,0.0
2025-06-06 16:30:58+00:00,,,0.0,,0.0
2025-06-06 16:31:58+00:00,,,0.0,,0.0
2025-06-06 16:32:58+00:00,,,0.0,,0.0
2025-06-06 16:33:58+00:00,,,0.0,,0.0
2025-06-06 16:34:58+00:00,,,0.0,,0.0
2025-06-06 16:35:58+00:00,,,0.0,,0.0
2025-06-06 16:36:58+00:00,,,0.0,,0.0
2025-06-06 16:37:58+00:00,,,0.0,,0.0
2025-06-06 16:38:58+00:00,,,0.0,,0.0
2025-06-06 16:39:58+00:00,,,0.0,,0.0
2025-06-06 16:40:58+00:00,,,0.0,,0.0
2025-06-06 16:41:58+00:00,,,0.0,,0.0
2025-06-06 16:42:58+00:00,,,0.0,,0.0
2025-06-06 16:43:58+00:00,,,0.0,,0.0
2025-06-06 16:44:58+00:00,,,0.0,,0.0
2025-06-06 16:45:58+00:00,,,0.0,,0.0
2025-06-06 16:46:58+00:00,,,0.0,,0.0
2025-06-06 16:47:58+00:00,,,0.0,,0.0
2025-06-06 16:48:58+00:00,,,0.0,,0.0
2025-06-06 16:49:58+00:00,,,0.0,,0.0
2025-06-06 16:50:58+00:00,,,0.0,,0.0
2025-06-06 16:51:58+00:00,,,0.0,,0.0
2025-06-06 16:52:58+00:00,,,0.0,,0.0
2025-06-06 16:53:58+00:00,,,0.0,,0.0
2025-06-06 16:54:58+00:00,,,0.0,,0.0
2025-06-06 16:55:58+00:00,,,0.0,,0.0
2025-06-06 16:56:58+00:00,,,0.0,,0.0
2025-06-06 16:57:58+00:00,,,0.0,,0.0
2025-06-06 16:58:58+00:00,,,0.0,,0.0
2025-06-06 16:59:58+00:00,,,0.0,,0.0
2025-06-06 17:00:58+00:00,,,0.0,,0.0
2025-06-06 17:01:58+00:00,,,0.0,,0.0
2025-06-06 17:02:58+00:00,,,0.0,,0.0
2025-06-06 17:03:58+00:00,,,0.0,,0.0
2025-06-06 17:04:58+00:00,,,0.0,,0.0
2025-06-06 17:05:58+00:00,,,0.0,,0.0
2025-06-06 17:06:58+00:00,,,0.0,,0.0
2025-06-06 17:07:58+00:00,,,0.0,,0.0
2025-06-06 17:08:58+00:00,,,0.0,,0.0
2025-06-06 17:09:58+00:00,,,0.0,,0.0
2025-06-06 17:10:58+00:00,,,0.0,,0.0
2025-06-06 17:11:58+00:00,,,0.0,,0.0
2025-06-06 17:12:58+00:00,,,0.0,,0.0
2025-06-06 17:13:58+00:00,,,0.0,,0.0
2025-06-06 17:14:58+00:00,,,0.0,,0.0
2025-06-06 17:15:58+00:00,,,0.0,,0.0
2025-06-06 17:16:58+00:00,,,0.0,,0.0
2025-06-06 17:17:58+00:00,,,0.0,,0.0
2025-06-06 17:18:58+00:00,,,0.0,,0.0
2025-06-06 17:19:58+00:00,,,0.0,,0.0
2025-06-06 17:20:58+00:00,,,0.0,,0.0
2025-06-06 17:21:58+00:00,,,0.0,,0.0
2025-06-06 17:22:58+00:00,,,0.0,,0.0
2025-06-06 17:23:58+00:00,,,0.0,,0.0
2025-06-06 17:24:58+00:00,,,0.0,,0.0
2025-06-06 17:25:58+00:00,,,0.0,,0.0
2025-06-06 17:26:58+00:00,,,0.0,,0.0
2025-06-06 17:27:58+00:00,,,0.0,,0.0
2025-06-06 17:28:58+00:00,,,0.0,,0.0
2025-06-06 17:29:58+00:00,,,0.0,,0.0
2025-06-06 17:30:58+00:00,,,0.0,,0.0
2025-06-06 17:31:58+00:00,,,0.0,,0.0
2025-06-06 17:32:58+00:00,,,0.0,,0.0
2025-06-06 17:33:58+00:00,,,0.0,,0.0
2025-06-06 17:34:58+00:00,,,0.0,,0.0
2025-06-06 17:35:58+00:00,,,0.0,,0.0
2025-06-06 17:36:58+00:00,,,0.0,,0.0
2025-06-06 17:37:58+00:00,,,0.0,,0.0
2025-06-06 17:38:58+00:00,,,0.0,,0.0
2025-06-06 17:39:58+00:00,,,0.0,,0.0
2025-06-06 17:40:58+00:00,,,0.0,,0.0
2025-06-06 17:41:58+00:00,,,0.0,,0.0
2025-06-06 17:42:58+00:00,,,0.0,,0.0
2025-06-06 17:43:58+00:00,,,0.0,,0.0
2025-06-06 17:44:58+00:00,,,0.0,,0.0
2025-06-06 17:45:58+00:00,,,0.0,,0.0
2025-06-06 17:46:58+00:00,,,0.0,,0.0
2025-06-06 17:47:58+00:00,,,0.0,,0.0
2025-06-06 17:48:58+00:00,,,0.0,,0.0
2025-06-06 17:49:58+00:00,,,0.0,,0.0
2025-06-06 17:50:58+00:00,,,0.0,,0.0
2025-06-06 17:51:58+00:00,,,0.0,,0.0
2025-06-06 17:52:58+00:00,,,0.0,,0.0
2025-06-06 17:53:58+00:00,,,0.0,,0.0
2025-06-06 17:54:58+00:00,,,0.0,,0.0
2025-06-06 17:55:58+00:00,,,0.0,,0.0
2025-06-06 17:56:58+00:00,,,0.0,,0.0
2025-06-06 17:57:58+00:00,,,0.0,,0.0
2025-06-06 17:58:58+00:00,,,0.0,,0.0
2025-06-06 17:59:58+00:00,,,0.0,,0.0
2025-06-06 18:00:58+00:00,,,0.0,,0.0
2025-06-06 18:01:58+00:00,,,0.0,,0.0
2025-06-06 18:02:58+00:00,,,0.0,,0.0
2025-06-06 18:03:58+00:00,,,0.0,,0.0
2025-06-06 18:04:58+00:00,,,0.0,,0.0
2025-06-06 18:05:58+00:00,,,0.0,,0.0
2025-06-06 18:06:58+00:00,,,0.0,,0.0
2025-06-06 18:07:58+00:00,,,0.0,,0.0
2025-06-06 18:08:58+00:00,,,0.0,,0.0
2025-06-06 18:09:58+00:00,,,0.0,,0.0
2025-06-06 18:10:58+00:00,,,0.0,,0.0
2025-06-06 18:11:58+00:00,,,0.0,,0.0
2025-06-06 18:12:58+00:00,,,0.0,,0.0
2025-06-06 18:13:58+00:00,,,0.0,,0.0
2025-06-06 18:14:58+00:00,,,0.0,,0.0
2025-06-06 18:15:58+00:00,,,0.0,,0.0
2025-06-06 18:16:58+00:00,,,0.0,,0.0
2025-06-06 18:17:58+00:00,,,0.0,,0.0
2025-06-06 18:18:58+00:00,,,0.0,,0.0
2025-06-06 18:19:58+00:00,,,0.0,,0.0
2025-06-06 18:20:58+00:00,,,0.0,,0.0
2025-06-06 18:21:58+00:00,,,0.0,,0.0
2025-06-06 18:22:58+00:00,,,0.0,,0.0
2025-06-06 18:23:58+00:00,,,0.0,,0.0
2025-06-06 18:24:58+00:00,,,0.0,,0.0
2025-06-06 18:25:58+00:00,,,0.0,,0.0
2025-06-06 18:26:58+00:00,,,0.0,,0.0
2025-06-06 18:27:58+00:00,,,0.0,,0.0
2025-06-06 18:28:58+00:00,,,0.0,,0.0
2025-06-06 18:29:58+00:00,,,0.0,,0.0
2025-06-06 18:30:58+00:00,,,0.0,,0.0
2025-06-06 18:31:58+00:00,,,0.0,,0.0
2025-06-06 18:32:58+00:00,,,0.0,,0.0
2025-06-06 18:33:58+00:00,,,0.0,,0.0
2025-06-06 18:34:58+00:00,,,0.0,,0.0
2025-06-06 18:35:58+00:00,,,0.0,,0.0
2025-06-06 18:36:58+00:00,,,0.0,,0.0
2025-06-06 18:37:58+00:00,,,0.0,,0.0
2025-06-06 18:38:58+00:00,,,0.0,,0.0
2025-06-06 18:39:58+00:00,,,0.0,,0.0
2025-06-06 18:40:58+00:00,,,0.0,,0.0
2025-06-06 18:41:58+00:00,,,0.0,,0.0
2025-06-06 18:42:58+00:00,,,0.0,,0.0
2025-06-06 18:43:58+00:00,,,0.0,,0.0
2025-06-06 18:44:58+00:00,,,0.0,,0.0
2025-06-06 18:45:58+00:00,,,0.0,,0.0
2025-06-06 18:46:58+00:00,,,0.0,,0.0
2025-06-06 18:47:58+00:00,,,0.0,,0.0
2025-06-06 18:48:58+00:00,,,0.0,,0.0
2025-06-06 18:49:58+00:00,,,0.0,,0.0
2025-06-06 18:50:58+00:00,,,0.0,,0.0
2025-06-06 18:51:58+00:00,,,0.0,,0.0
2025-06-06 18:52:58+00:00,,,0.0,,0.0
2025-06-06 18:53:58+00:00,,,0.0,,0.0
2025-06-06 18:54:58+00:00,,,0.0,,0.0
2025-06-06 18:55:58+00:00,,,0.0,,0.0
2025-06-06 18:56:58+00:00,,,0.0,,0.0
2025-06-06 18:57:58+00:00,,,0.0,,0.0
2025-06-06 18:58:58+00:00,,,0.0,,0.0
2025-06-06 18:59:58+00:00,,,0.0,,0.0
2025-06-06 19:00:58+00:00,,,0.0,,0.0
2025-06-06 19:01:58+00:00,,,0.0,,0.0
2025-06-06 19:02:58+00:00,,,0.0,,0.0
2025-06-06 19:03:58+00:00,,,0.0,,0.0
2025-06-06 19:04:58+00:00,,,0.0,,0.0
2025-06-06 19:05:58+00:00,,,0.0,,0.0
2025-06-06 19:06:58+00:00,,,0.0,,0.0
2025-06-06 19:07:58+00:00,,,0.0,,0.0
2025-06-06 19:08:58+00:00,,,0.0,,0.0
2025-06-06 19:09:58+00:00,,,0.0,,0.0
2025-06-06 19:10:58+00:00,,,0.0,,0.0
2025-06-06 19:11:58+00:00,,,0.0,,0.0
2025-06-06 19:12:58+00:00,,,0.0,,0.0
2025-06-06 19:13:58+00:00,,,0.0,,0.0
2025-06-06 19:14:58+00:00,,,0.0,,0.0
2025-06-06 19:15:58+00:00,,,0.0,,0.0
2025-06-06 19:16:58+00:00,,,0.0,,0.0
2025-06-06 19:17:58+00:00,,,0.0,,0.0
2025-06-06 19:18:58+00:00,,,0.0,,0.0
2025-06-06 19:19:58+00:00,,,0.0,,0.0
2025-06-06 19:20:58+00:00,,,0.0,,0.0
2025-06-06 19:21:58+00:00,,,0.0,,0.0
2025-06-06 19:22:58+00:00,,,0.0,,0.0
2025-06-06 19:23:58+00:00,,,0.0,,0.0
2025-06-06 19:24:58+00:00,,,0.0,,0.0
2025-06-06 19:25:58+00:00,,,0.0,,0.0
2025-06-06 19:26:58+00:00,,,0.0,,0.0
2025-06-06 19:27:58+00:00,,,0.0,,0.0
2025-06-06 19:28:58+00:00,,,0.0,,0.0
2025-06-06 19:29:58+00:00,,,0.0,,0.0
2025-06-06 19:30:58+00:00,,,0.0,,0.0
2025-06-06 19:31:58+00:00,,,0.0,,0.0
2025-06-06 19:32:58+00:00,,,0.0,,0.0
2025-06-06 19:33:58+00:00,,,0.0,,0.0
2025-06-06 19:34:58+00:00,,,0.0,,0.0
2025-06-06 19:35:58+00:00,,,0.0,,0.0
2025-06-06 19:36:58+00:00,,,0.0,,0.0
2025-06-06 19:37:58+00:00,,,0.0,,0.0
2025-06-06 19:38:58+00:00,,,0.0,,0.0
2025-06-06 19:39:58+00:00,,,0.0,,0.0
2025-06-06 19:40:58+00:00,,,0.0,,0.0
2025-06-06 19:41:58+00:00,,,0.0,,0.0
2025-06-06 19:42:58+00:00,,,0.0,,0.0
2025-06-06 19:43:58+00:00,,,0.0,,0.0
2025-06-06 19:44:58+00:00,,,0.0,,0.0
2025-06-06 19:45:58+00:00,,,0.0,,0.0
2025-06-06 19:46:58+00:00,,,0.0,,0.0
2025-06-06 19:47:58+00:00,,,0.0,,0.0
2025-06-06 19:48:58+00:00,,,0.0,,0.0
2025-06-06 19:49:58+00:00,,,0.0,,0.0
2025-06-06 19:50:58+00:00,,,0.0,,0.0
2025-06-06 19:51:58+00:00,,,0.0,,0.0
2025-06-06 19:52:58+00:00,,,0.0,,0.0
2025-06-06 19:53:58+00:00,,,0.0,,0.0
2025-06-06 19:54:58+00:00,,,0.0,,0.0
2025-06-06 19:55:58+00:00,,,0.0,,0.0
2025-06-06 19:56:58+00:00,,,0.0,,0.0
2025-06-06 19:57:58+00:00,,,0.0,,0.0
2025-06-06 19:58:58+00:00,,,0.0,,0.0
2025-06-06 19:59:58+00:00,,,0.0,,0.0
2025-06-06 20:00:58+00:00,,,0.0,,0.0
2025-06-06 20:01:58+00:00,,,0.0,,0.0
2025-06-06 20:02:58+00:00,,,0.0,,0.0
2025-06-06 20:03:58+00:00,,,0.0,,0.0
2025-06-06 20:04:58+00:00,,,0.0,,0.0
2025-06-06 20:05:58+00:00,,,0.0,,0.0
2025-06-06 20:06:58+00:00,,,0.0,,0.0
2025-06-06 20:07:58+00:00,,,0.0,,0.0
2025-06-06 20:08:58+00:00,,,0.0,,0.0
2025-06-06 20:09:58+00:00,,,0.0,,0.0
2025-06-06 20:10:58+00:00,,,0.0,,0.0
2025-06-06 20:11:58+00:00,,,0.0,,0.0
2025-06-06 20:12:58+00:00,,,0.0,,0.0
2025-06-06 20:13:58+00:00,13.932733486418643,12.739561328749192,0.04645823023161825,12.579,0.077
2025-06-06 20:14:58+00:00,8.666613589889911,7.622877306769089,0.02119846480865636,7.564,0.045
2025-06-06 20:15:58+00:00,9.10496119483417,8.026099721832388,0.022591352161793955,8.014,0.046
2025-06-06 20:16:58+00:00,16.485549923546834,15.35640117556204,0.10985102880568341,15.269,0.238
2025-06-06 20:17:58+00:00,17.809045393547766,16.670164807310666,0.14666350511321333,16.534,0.313
2025-06-06 20:18:58+00:00,17.04849295310813,15.996060507720554,0.13974645142136294,15.879,0.329
2025-06-06 20:19:58+00:00,22.746550553706196,21.58482609266727,0.267828243153648,21.49,0.487
2025-06-06 20:20:58+00:00,33.991381985282636,32.89103409964965,2.8167555290685975,32.808,4.474
2025-06-06 20:21:58+00:00,36.670628777315976,35.86469475903619,4.9301722061931175,35.809,8.062
2025-06-06 20:22:58+00:00,36.236140221073285,35.34019321249028,4.81739177659155,35.26,7.41
2025-06-06 20:23:58+00:00,29.44614515541668,28.28718099474651,1.503406288607285,28.156,2.808
2025-06-06 20:24:58+00:00,29.398618390586478,28.209044117271873,1.516710565468311,28.074,2.724
2025-06-06 20:25:58+00:00,24.364967669814128,23.187133961672004,0.4790897733584239,23.045,0.903
2025-06-06 20:26:58+00:00,26.716076415082412,25.593762996744005,0.7479124132895509,25.483,1.267
2025-06-06 20:27:58+00:00,30.777470933065302,29.589486719094744,1.7580264263857104,29.446,2.919
2025-06-06 20:28:58+00:00,36.20138348684965,35.40449375422407,3.932034598777373,35.377,6.105
2025-06-06 20:29:58+00:00,38.06884929807857,37.63635736476888,5.224209319806882,37.59,7.759
2025-06-06 20:30:58+00:00,40.062568648837654,39.771649340524334,7.805196344193752,39.741,12.003
2025-06-06 20:31:58+00:00,35.42465409037007,34.463847009221304,3.897294771504527,34.371,6.132
2025-06-06 20:32:58+00:00,35.46720993811247,34.436052626376814,3.7344403555879926,34.377,5.48
2025-06-06 20:33:58+00:00,29.706500012852768,28.51276130073203,1.4320310959181415,28.406,2.476
2025-06-06 20:34:58+00:00,27.482962054978426,26.30150909590908,1.048498752010077,26.151,1.849
2025-06-06 20:35:58+00:00,29.266949820776027,28.082157038157245,1.4313797202050704,27.915,2.215
2025-06-06 20:36:58+00:00,28.786036359883582,27.579395535368207,1.2739349773093864,27.405,2.112
2025-06-06 20:37:58+00:00,26.605570336196827,25.444142548528195,0.9980492608554903,25.276,1.88
2025-06-06 20:38:58+00:00,25.54605027060225,24.44184779681965,0.9348080133495773,24.319,2.078
2025-06-06 20:39:58+00:00,27.02069317757261,25.881370028330963,1.196261088881893,25.676,2.172
2025-06-06 20:40:58+00:00,28.996734549289545,27.826967210598212,1.6841176687433557,27.551,3.006
2025-06-06 20:41:58+00:00,28.015240915928608,26.867217847791032,1.4113162743407004,26.679,2.936
2025-06-06 20:42:58+00:00,29.157958111784666,28.211914371767023,1.2212483226208017,28.149,2.28
2025-06-06 20:43:58+00:00,31.17519249347335,30.13849843324347,1.5880315965771536,30.087,2.821
2025-06-06 20:44:58+00:00,32.49342721091059,31.828920967954808,1.6916158024851393,31.811,2.811
2025-06-06 20:45:58+00:00,32.50776875468257,31.78009733158655,1.8330840883945079,31.755,3.136
2025-06-06 20:46:58+00:00,30.281526683263206,29.12842643772035,1.57142036311778,29.035,2.934
2025-06-06 20:47:58+00:00,31.463035670875925,30.404215799185582,1.9239441747065502,29.799,3.43
2025-06-06 20:48:58+00:00,31.206970157047348,29.98662139625199,2.0602024049364607,29.872,3.57
2025-06-06 20:49:58+00:00,34.388268076103586,33.254189776212655,3.5793614481729357,33.176,5.984
2025-06-06 20:50:58+00:00,32.04842753071135,30.826425228686357,2.8502189614679776,30.71,5.315
2025-06-06 20:51:58+00:00,28.697430862694876,27.512363475036025,1.5897023366433698,27.412,3.087
2025-06-06 20:52:58+00:00,32.73155729067035,31.577389707195806,2.6676973139453204,31.495,4.467
2025-06-06 20:53:58+00:00,26.0621260964426,24.913908819421742,0.9625470003461374,24.692,2.056
2025-06-06 20:54:58+00:00,27.26472165409017,26.102281877994496,1.0790127982287003,25.917,1.96
2025-06-06 20:55:58+00:00,27.539796923519017,26.38134061611773,1.2230982752234962,26.216,2.405
2025-06-06 20:56:58+00:00,26.67684274335452,25.503509814791045,0.9079680639466777,25.386,1.778
2025-06-06 20:57:58+00:00,21.30412247304593,20.239688484632403,0.3761800676251119,20.078,0.848
2025-06-06 20:58:58+00:00,20.705576734874622,19.594698773702476,0.29164905935380936,19.419,0.621
2025-06-06 20:59:58+00:00,19.085708002071865,18.00213020854804,0.21055324901212238,17.828,0.48
2025-06-06 21:00:58+00:00,18.316968694807727,17.31888199426738,0.2110726868435559,17.169,0.487
2025-06-06 21:01:58+00:00,15.898993730881974,15.03941961346348,0.14623711992085908,14.738,0.346
2025-06-06 21:02:58+00:00,20.13251382910651,18.98021722264806,0.23218218074203453,18.885,0.466
2025-06-06 21:03:58+00:00,13.15320157410477,12.116385470297228,0.06189646585541156,12.032,0.119
2025-06-06 21:04:58+00:00,27.455474191090076,26.57515494113804,0.39409811519143695,5.107,0.043
2025-06-06 21:05:58+00:00,20.096028156487648,18.98447964934934,0.2618064942538895,18.864,0.6
2025-06-06 21:06:58+00:00,16.739077677521724,15.909190866663128,0.18216353843069658,15.719,0.471
2025-06-06 21:07:58+00:00,7.720598429553254,7.168249970334491,0.035633151608335994,6.728,0.077
2025-06-06 21:08:58+00:00,2.3528399400447246,1.8214504835554848,0.010969946990658784,1.383,0.025
2025-06-06 21:09:58+00:00,4.948330726044559,4.2233543960537805,0.014367301005646272,3.846,0.037
2025-06-06 21:10:58+00:00,6.787164649160471,6.083899148994059,0.021870936276965628,5.824,0.058
2025-06-06 21:11:58+00:00,10.188231618995227,9.420287202370648,0.043596634586742386,9.173,0.107
2025-06-06 21:12:58+00:00,3.6147215938670154,2.838819445873581,0.009886273396970268,2.714,0.025
2025-06-06 21:13:58+00:00,,,0.0,,0.0
2025-06-06 21:14:58+00:00,,,0.0,,0.0
2025-06-06 21:15:58+00:00,,,0.0,,0.0
2025-06-06 21:16:58+00:00,,,0.0,,0.0
2025-06-06 21:17:58+00:00,,,0.0,,0.0
2025-06-06 21:18:58+00:00,,,0.0,,0.0
2025-06-06 21:19:58+00:00,,,0.0,,0.0
2025-06-06 21:20:58+00:00,,,0.0,,0.0
2025-06-06 21:21:58+00:00,,,0.0,,0.0
2025-06-06 21:22:58+00:00,,,0.0,,0.0
2025-06-06 21:23:58+00:00,,,0.0,,0.0
2025-06-06 21:24:58+00:00,,,0.0,,0.0
2025-06-06 21:25:58+00:00,,,0.0,,0.0
2025-06-06 21:26:58+00:00,,,0.0,,0.0
2025-06-06 21:27:58+00:00,,,0.0,,0.0
2025-06-06 21:28:58+00:00,,,0.0,,0.0
2025-06-06 21:29:58+00:00,,,0.0,,0.0
2025-06-06 21:30:58+00:00,,,0.0,,0.0
2025-06-06 21:31:58+00:00,,,0.0,,0.0
2025-06-06 21:32:58+00:00,,,0.0,,0.0
2025-06-06 21:33:58+00:00,,,0.0,,0.0
2025-06-06 21:34:58+00:00,,,0.0,,0.0
2025-06-06 21:35:58+00:00,,,0.0,,0.0
2025-06-06 21:36:58+00:00,,,0.0,,0.0
2025-06-06 21:37:58+00:00,,,0.0,,0.0
2025-06-06 21:38:58+00:00,,,0.0,,0.0
2025-06-06 21:39:58+00:00,,,0.0,,0.0
2025-06-06 21:40:58+00:00,,,0.0,,0.0
2025-06-06 21:41:58+00:00,,,0.0,,0.0
2025-06-06 21:42:58+00:00,,,0.0,,0.0
2025-06-06 21:43:58+00:00,,,0.0,,0.0
2025-06-06 21:44:58+00:00,,,0.0,,0.0
2025-06-06 21:45:58+00:00,,,0.0,,0.0
2025-06-06 21:46:58+00:00,,,0.0,,0.0
2025-06-06 21:47:58+00:00,,,0.0,,0.0
2025-06-06 21:48:58+00:00,,,0.0,,0.0
2025-06-06 21:49:58+00:00,,,0.0,,0.0
2025-06-06 21:50:58+00:00,,,0.0,,0.0
2025-06-06 21:51:58+00:00,,,0.0,,0.0
2025-06-06 21:52:58+00:00,,,0.0,,0.0
2025-06-06 21:53:58+00:00,,,0.0,,0.0
2025-06-06 21:54:58+00:00,,,0.0,,0.0
2025-06-06 21:55:58+00:00,,,0.0,,0.0
2025-06-06 21:56:58+00:00,,,0.0,,0.0
2025-06-06 21:57:58+00:00,,,0.0,,0.0
2025-06-06 21:58:58+00:00,,,0.0,,0.0
2025-06-06 21:59:58+00:00,,,0.0,,0.0
2025-06-06 22:00:58+00:00,,,0.0,,0.0
2025-06-06 22:01:58+00:00,,,0.0,,0.0
2025-06-06 22:02:58+00:00,,,0.0,,0.0
2025-06-06 22:03:58+00:00,,,0.0,,0.0
2025-06-06 22:04:58+00:00,,,0.0,,0.0
2025-06-06 22:05:58+00:00,,,0.0,,0.0
2025-06-06 22:06:58+00:00,,,0.0,,0.0
2025-06-06 22:07:58+00:00,,,0.0,,0.0
2025-06-06 22:08:58+00:00,,,0.0,,0.0
2025-06-06 22:09:58+00:00,,,0.0,,0.0
2025-06-06 22:10:58+00:00,,,0.0,,0.0
2025-06-06 22:11:58+00:00,,,0.0,,0.0
2025-06-06 22:12:58+00:00,,,0.0,,0.0
2025-06-06 22:13:58+00:00,,,0.0,,0.0
2025-06-06 22:14:58+00:00,,,0.0,,0.0
2025-06-06 22:15:58+00:00,,,0.0,,0.0
2025-06-06 22:16:58+00:00,,,0.0,,0.0
2025-06-06 22:17:58+00:00,,,0.0,,0.0
2025-06-06 22:18:58+00:00,,,0.0,,0.0
2025-06-06 22:19:58+00:00,,,0.0,,0.0
2025-06-06 22:20:58+00:00,,,0.0,,0.0
2025-06-06 22:21:58+00:00,,,0.0,,0.0
2025-06-06 22:22:58+00:00,,,0.0,,0.0
2025-06-06 22:23:58+00:00,,,0.0,,0.0
2025-06-06 22:24:58+00:00,,,0.0,,0.0
2025-06-06 22:25:58+00:00,,,0.0,,0.0
2025-06-06 22:26:58+00:00,,,0.0,,0.0
2025-06-06 22:27:58+00:00,,,0.0,,0.0
2025-06-06 22:28:58+00:00,,,0.0,,0.0
2025-06-06 22:29:58+00:00,,,0.0,,0.0
2025-06-06 22:30:58+00:00,,,0.0,,0.0
2025-06-06 22:31:58+00:00,,,0.0,,0.0
2025-06-06 22:32:58+00:00,,,0.0,,0.0
2025-06-06 22:33:58+00:00,,,0.0,,0.0
2025-06-06 22:34:58+00:00,,,0.0,,0.0
2025-06-06 22:35:58+00:00,,,0.0,,0.0
2025-06-06 22:36:58+00:00,,,0.0,,0.0
2025-06-06 22:37:58+00:00,,,0.0,,0.0
2025-06-06 22:38:58+00:00,,,0.0,,0.0
2025-06-06 22:39:58+00:00,,,0.0,,0.0
2025-06-06 22:40:58+00:00,,,0.0,,0.0
2025-06-06 22:41:58+00:00,,,0.0,,0.0
2025-06-06 22:42:58+00:00,,,0.0,,0.0
2025-06-06 22:43:58+00:00,,,0.0,,0.0
2025-06-06 22:44:58+00:00,,,0.0,,0.0
2025-06-06 22:45:58+00:00,,,0.0,,0.0
2025-06-06 22:46:58+00:00,,,0.0,,0.0
2025-06-06 22:47:58+00:00,,,0.0,,0.0
2025-06-06 22:48:58+00:00,,,0.0,,0.0
2025-06-06 22:49:58+00:00,,,0.0,,0.0
2025-06-06 22:50:58+00:00,,,0.0,,0.0
2025-06-06 22:51:58+00:00,,,0.0,,0.0
2025-06-06 22:52:58+00:00,,,0.0,,0.0
2025-06-06 22:53:58+00:00,,,0.0,,0.0
2025-06-06 22:54:58+00:00,,,0.0,,0.0
2025-06-06 22:55:58+00:00,,,0.0,,0.0
2025-06-06 22:56:58+00:00,,,0.0,,0.0
2025-06-06 22:57:58+00:00,,,0.0,,0.0
2025-06-06 22:58:58+00:00,,,0.0,,0.0
2025-06-06 22:59:58+00:00,,,0.0,,0.0
2025-06-06 23:00:58+00:00,,,0.0,,0.0
2025-06-06 23:01:58+00:00,,,0.0,,0.0
2025-06-06 23:02:58+00:00,,,0.0,,0.0
2025-06-06 23:03:58+00:00,,,0.0,,0.0
2025-06-06 23:04:58+00:00,,,0.0,,0.0
2025-06-06 23:05:58+00:00,,,0.0,,0.0
2025-06-06 23:06:58+00:00,,,0.0,,0.0
2025-06-06 23:07:58+00:00,,,0.0,,0.0
2025-06-06 23:08:58+00:00,,,0.0,,0.0
2025-06-06 23:09:58+00:00,,,0.0,,0.0
2025-06-06 23:10:58+00:00,,,0.0,,0.0
2025-06-06 23:11:58+00:00,,,0.0,,0.0
2025-06-06 23:12:58+00:00,,,0.0,,0.0
2025-06-06 23:13:58+00:00,,,0.0,,0.0
2025-06-06 23:14:58+00:00,,,0.0,,0.0
2025-06-06 23:15:58+00:00,,,0.0,,0.0
2025-06-06 23:16:58+00:00,,,0.0,,0.0
2025-06-06 23:17:58+00:00,,,0.0,,0.0
2025-06-06 23:18:58+00:00,,,0.0,,0.0
2025-06-06 23:19:58+00:00,,,0.0,,0.0
2025-06-06 23:20:58+00:00,,,0.0,,0.0
2025-06-06 23:21:58+00:00,,,0.0,,0.0
2025-06-06 23:22:58+00:00,,,0.0,,0.0
2025-06-06 23:23:58+00:00,,,0.0,,0.0
2025-06-06 23:24:58+00:00,,,0.0,,0.0
2025-06-06 23:25:58+00:00,,,0.0,,0.0
2025-06-06 23:26:58+00:00,,,0.0,,0.0
2025-06-06 23:27:58+00:00,,,0.0,,0.0
2025-06-06 23:28:58+00:00,,,0.0,,0.0
2025-06-06 23:29:58+00:00,,,0.0,,0.0
2025-06-06 23:30:58+00:00,,,0.0,,0.0
2025-06-06 23:31:58+00:00,,,0.0,,0.0
2025-06-06 23:32:58+00:00,,,0.0,,0.0
2025-06-06 23:33:58+00:00,,,0.0,,0.0
2025-06-06 23:34:58+00:00,,,0.0,,0.0
2025-06-06 23:35:58+00:00,,,0.0,,0.0
2025-06-06 23:36:58+00:00,,,0.0,,0.0
2025-06-06 23:37:58+00:00,,,0.0,,0.0
2025-06-06 23:38:58+00:00,,,0.0,,0.0
2025-06-06 23:39:58+00:00,,,0.0,,0.0
2025-06-06 23:40:58+00:00,,,0.0,,0.0
2025-06-06 23:41:58+00:00,,,0.0,,0.0
2025-06-06 23:42:58+00:00,,,0.0,,0.0
2025-06-06 23:43:58+00:00,,,0.0,,0.0
2025-06-06 23:44:58+00:00,,,0.0,,0.0
2025-06-06 23:45:58+00:00,,,0.0,,0.0
2025-06-06 23:46:58+00:00,,,0.0,,0.0
2025-06-06 23:47:58+00:00,,,0.0,,0.0
2025-06-06 23:48:58+00:00,,,0.0,,0.0
2025-06-06 23:49:58+00:00,,,0.0,,0.0
2025-06-06 23:50:58+00:00,,,0.0,,0.0
2025-06-06 23:51:58+00:00,,,0.0,,0.0
2025-06-06 23:52:58+00:00,,,0.0,,0.0
2025-06-06 23:53:58+00:00,,,0.0,,0.0
2025-06-06 23:54:58+00:00,,,0.0,,0.0
2025-06-06 23:55:58+00:00,,,0.0,,0.0
2025-06-06 23:56:58+00:00,,,0.0,,0.0
2025-06-06 23:57:58+00:00,,,0.0,,0.0
2025-06-06 23:58:58+00:00,,,0.0,,0.0
2025-06-06 23:59:58+00:00,,,0.0,,
